machine_code,location
30568,１２Ｈ
57501,１２Ｈ
57502,１２Ｈ
57503,１２Ｈ
57504,１２Ｈ
57087,１２Ｈ
57088,１２Ｈ
57089,１２Ｈ
57090,１２Ｈ
57080,１２Ｈ
30334,１２Ｈ
52931,１２Ｈ
52932,１２Ｈ
52933,１２Ｈ
52934,１２Ｈ
53482,１２Ｈ
53483,１２Ｈ
53484,１２Ｈ
53485,１２Ｈ
53486,１２Ｈ
53487,１２Ｈ
53488,１２Ｈ
53489,１２Ｈ
53490,１２Ｈ
53491,１２Ｈ
53492,１２Ｈ
53493,１２Ｈ
53394,１２Ｈ
53395,１２Ｈ
59133,１２Ｈ
59134,１２Ｈ
59135,１２Ｈ
59136,１２Ｈ
7680,１２Ｈ
50228,１２Ｈ
50231,１２Ｈ
50581,１２Ｈ
50582,１２Ｈ
50583,１２Ｈ
50584,１２Ｈ
51976,１２Ｈ
51977,１２Ｈ
30329,１２Ｈ
29918,１２Ｈ
29919,１２Ｈ
29920,１２Ｈ
29921,１２Ｈ
29922,１２Ｈ
29923,１２Ｈ
29924,１２Ｈ
29925,１２Ｈ
29926,１２Ｈ
29927,１２Ｈ
29928,１２Ｈ
29929,１２Ｈ
29930,１２Ｈ
29931,１２Ｈ
29932,１２Ｈ
29933,１２Ｈ
29934,１２Ｈ
29935,１２Ｈ
29936,１２Ｈ
29937,１２Ｈ
30134,１２Ｈ
30135,１２Ｈ
31279,１２Ｈ
31407,１２Ｈ
31434,１２Ｈ
31435,１２Ｈ
33533,１２Ｈ
33534,１２Ｈ
39635,１２Ｈ
39636,１２Ｈ
39637,１２Ｈ
39638,１２Ｈ
39639,１２Ｈ
39640,１２Ｈ
57979,１２Ｈ
57980,１２Ｈ
57981,１２Ｈ
57982,１２Ｈ
57983,１２Ｈ
57984,１２Ｈ
54241,１２Ｈ
54242,１２Ｈ
54468,１２Ｈ
54469,１２Ｈ
56427,１２Ｈ
56428,１２Ｈ
52845,１２Ｈ
52846,１２Ｈ
52847,１２Ｈ
52848,１２Ｈ
52866,１２Ｈ
53054,１２Ｈ
53957,１２Ｈ
56369,１２Ｈ
56370,１２Ｈ
56371,１２Ｈ
56372,１２Ｈ
56373,１２Ｈ
56374,１２Ｈ
59775,１２Ｈ
59776,１２Ｈ
59599,１２Ｈ
30731,１２Ｈ
30733,１２Ｈ
47574,１２Ｈ
52038,１２Ｈ
47723,１２Ｈ
47724,１２Ｈ
59169,１２Ｈ
59170,１２Ｈ
59171,１２Ｈ
59172,１２Ｈ
57590,１２Ｈ
34208,１２Ｈ
51584,１２Ｈ
55173,１２Ｈ
59396,１２Ｈ
59397,１２Ｈ
59398,１２Ｈ
59399,１２Ｈ
55763,１２Ｈ
55764,１２Ｈ
55765,１２Ｈ
55766,１２Ｈ
55751,１２Ｈ
55656,１２Ｈ
55657,１２Ｈ
55615,１２Ｈ
52341,１２Ｈ
52343,１２Ｈ
53932,１２Ｈ
53933,１２Ｈ
52298,１２Ｈ
53925,１２Ｈ
40639,１２Ｈ
40640,１２Ｈ
40641,１２Ｈ
40642,１２Ｈ
56826,１２Ｈ
56827,１２Ｈ
56828,１２Ｈ
30867,１２Ｈ
28691,１２Ｈ
28698,１２Ｈ
30340,１２Ｈ
30418,１２Ｈ
32995,１２Ｈ
30336,１２Ｈ
30337,１２Ｈ
30338,１２Ｈ
30339,１２Ｈ
30335,１２Ｈ
58379,１２Ｈ
52714,１２Ｈ
52715,１２Ｈ
52716,１２Ｈ
52717,１２Ｈ
52749,１２Ｈ
52750,１２Ｈ
52761,１２Ｈ
54856,１２Ｈ
54857,１２Ｈ
54858,１２Ｈ
54859,１２Ｈ
54823,１２Ｈ
55065,１２Ｈ
55066,１２Ｈ
55067,１２Ｈ
55031,１２Ｈ
48309,１２Ｈ
48310,１２Ｈ
48311,１２Ｈ
48254,１２Ｈ
46606,１２Ｈ
46607,１２Ｈ
46534,１２Ｈ
57228,１２Ｈ
59211,１２Ｈ
52433,１２Ｈ
13438,１２Ｈ
22675,１２Ｈ
34601,１２Ｈ
6963,１２Ｈ
25659,１２Ｈ
30395,１２Ｈ
53907,１２Ｈ
12189,１２Ｈ
10746,１２Ｈ
17397,１２Ｈ
22850,１２Ｈ
22851,１２Ｈ
22852,１２Ｈ
55343,１Ｆ
31817,２Ｆ
31823,２Ｆ
38909,１Ｆ
38912,１Ｆ
39580,１Ｆ
39581,１Ｆ
46648,１Ｆ
38735,１Ｆ
57477,２Ｆ
57478,２Ｆ
57479,２Ｆ
57480,２Ｆ
49378,２Ｆ
49379,２Ｆ
54211,１Ｆ
54212,１Ｆ
54213,１Ｆ
54214,１Ｆ
53578,１Ｆ
53579,１Ｆ
53580,１Ｆ
53581,１Ｆ
53582,１Ｆ
53583,１Ｆ
53915,１Ｆ
53916,１Ｆ
53917,１Ｆ
53918,１Ｆ
53919,１Ｆ
53920,１Ｆ
53408,１Ｆ
53914,１Ｆ
59113,１Ｆ
59114,１Ｆ
59115,１Ｆ
59116,１Ｆ
49400,２Ｆ
50292,２Ｆ
50293,２Ｆ
50294,２Ｆ
50295,２Ｆ
49324,２Ｆ
49327,２Ｆ
49326,２Ｆ
49328,２Ｆ
10952,２Ｆ
10951,２Ｆ
7846,２Ｆ
7847,２Ｆ
49329,２Ｆ
23559,２Ｆ
23560,２Ｆ
49344,２Ｆ
49343,２Ｆ
49348,２Ｆ
49349,２Ｆ
49347,２Ｆ
49350,２Ｆ
7099,２Ｆ
7100,２Ｆ
50618,１Ｆ
50619,１Ｆ
50620,１Ｆ
39679,１Ｆ
39680,１Ｆ
39681,１Ｆ
40039,１Ｆ
40045,１Ｆ
40047,１Ｆ
40050,１Ｆ
40069,１Ｆ
40071,１Ｆ
49630,１Ｆ
49631,１Ｆ
49632,１Ｆ
49633,１Ｆ
49634,１Ｆ
49635,１Ｆ
49636,１Ｆ
49637,１Ｆ
49638,１Ｆ
49639,１Ｆ
49640,１Ｆ
49641,１Ｆ
49642,１Ｆ
49643,１Ｆ
49644,１Ｆ
49645,１Ｆ
49646,１Ｆ
49647,１Ｆ
49648,１Ｆ
49649,１Ｆ
57988,１Ｆ
57989,１Ｆ
57990,１Ｆ
57991,１Ｆ
57992,１Ｆ
57993,１Ｆ
54361,１Ｆ
54362,１Ｆ
54365,１Ｆ
54366,１Ｆ
56437,１Ｆ
56438,１Ｆ
49650,１Ｆ
49651,１Ｆ
49652,１Ｆ
49653,１Ｆ
49654,１Ｆ
50806,１Ｆ
50807,１Ｆ
52871,１Ｆ
52872,１Ｆ
56407,１Ｆ
56408,１Ｆ
56415,１Ｆ
56416,１Ｆ
56417,１Ｆ
56418,１Ｆ
59602,１Ｆ
49493,１Ｆ
49494,１Ｆ
47598,１Ｆ
47599,１Ｆ
52054,１Ｆ
59207,１Ｆ
59208,１Ｆ
57601,１Ｆ
59438,１Ｆ
59439,１Ｆ
55646,１Ｆ
55647,１Ｆ
55630,１Ｆ
52396,１Ｆ
52397,１Ｆ
52314,１Ｆ
40643,１Ｆ
40644,１Ｆ
56859,１Ｆ
56860,１Ｆ
28697,１Ｆ
36581,１Ｆ
49470,１Ｆ
49048,１Ｆ
48988,１Ｆ
49070,１Ｆ
48987,１Ｆ
49071,１Ｆ
49506,１Ｆ
49507,１Ｆ
49508,１Ｆ
49509,１Ｆ
49510,１Ｆ
49511,１Ｆ
49512,１Ｆ
26458,２Ｆ
37536,２Ｆ
50928,２Ｆ
54067,２Ｆ
50917,２Ｆ
49413,２Ｆ
49341,２Ｆ
46786,２Ｆ
58984,１Ｆ
51879,１Ｆ
49537,１Ｆ
49538,１Ｆ
54026,１Ｆ
58392,１Ｆ
49530,１Ｆ
49531,１Ｆ
50359,２Ｆ
56507,２Ｆ
49459,２Ｆ
49460,２Ｆ
49461,２Ｆ
52752,１Ｆ
52753,１Ｆ
52754,１Ｆ
52755,１Ｆ
52773,１Ｆ
54888,１Ｆ
54889,１Ｆ
54890,１Ｆ
54891,１Ｆ
54830,１Ｆ
50386,１Ｆ
50387,１Ｆ
50383,１Ｆ
48637,２Ｆ
48638,２Ｆ
48639,２Ｆ
48640,２Ｆ
48603,２Ｆ
49317,１Ｆ
57241,１Ｆ
52445,１Ｆ
49319,１Ｆ
52164,１Ｆ
52165,１Ｆ
49320,１Ｆ
49316,１Ｆ
49415,２Ｆ
49416,２Ｆ
49417,２Ｆ
49406,２Ｆ
49732,２Ｆ
49418,２Ｆ
49419,２Ｆ
49424,２Ｆ
49425,２Ｆ
49422,２Ｆ
49423,２Ｆ
49407,２Ｆ
49429,２Ｆ
56473,１Ｆ
49440,２Ｆ
49441,２Ｆ
49405,２Ｆ
49412,２Ｆ
49446,２Ｆ
49404,２Ｆ
49410,２Ｆ
49453,２Ｆ
49454,２Ｆ
49457,２Ｆ
49411,２Ｆ
49430,２Ｆ
49431,２Ｆ
49432,２Ｆ
49433,２Ｆ
49434,２Ｆ
49435,２Ｆ
49436,２Ｆ
49437,２Ｆ
29324,１Ｆ
29325,１Ｆ
29326,１Ｆ
56657,１Ｆ
56658,１Ｆ
56659,１Ｆ
49444,２Ｆ
54099,２Ｆ
49450,２Ｆ
49451,２Ｆ
56542,１Ｆ
29584,１Ｆ
29586,休み
49532,１Ｆ
51102,２Ｆ
51623,２Ｆ
56002,２Ｆ
49293,１Ｆ
49294,１Ｆ
49295,１Ｆ
49296,１Ｆ
49297,１Ｆ
31818,１２Ｈ（Ａ）
31824,１２Ｈ（Ａ）
48422,１２Ｈ（Ａ）
48425,１２Ｈ（Ａ）
38883,１２Ｈ（Ａ）
38884,１２Ｈ（Ａ）
46430,１２Ｈ（Ａ）
46431,１２Ｈ（Ａ）
46791,１２Ｈ（Ａ）
46429,１２Ｈ（Ａ）
57537,１２Ｈ（Ａ）
57538,１２Ｈ（Ａ）
57539,１２Ｈ（Ａ）
57540,１２Ｈ（Ａ）
25816,１２Ｈ（Ａ）
25817,１２Ｈ（Ａ）
46793,１２Ｈ（Ａ）
46792,１２Ｈ（Ａ）
45363,１２Ｈ（Ａ）
45379,１２Ｈ（Ａ）
45421,１２Ｈ（Ａ）
47464,１２Ｈ（Ａ）
46114,１２Ｈ（Ａ）
46115,１２Ｈ（Ａ）
57281,１２Ｈ（Ａ）
57282,１２Ｈ（Ａ）
57283,１２Ｈ（Ａ）
57284,１２Ｈ（Ａ）
57289,１２Ｈ（Ａ）
57302,１２Ｈ（Ａ）
57303,１２Ｈ（Ａ）
57304,１２Ｈ（Ａ）
53590,１２Ｈ（Ａ）
53591,１２Ｈ（Ａ）
53592,１２Ｈ（Ａ）
53593,１２Ｈ（Ａ）
53594,１２Ｈ（Ａ）
53595,１２Ｈ（Ａ）
53596,１２Ｈ（Ａ）
53597,１２Ｈ（Ａ）
53598,１２Ｈ（Ａ）
53599,１２Ｈ（Ａ）
53600,１２Ｈ（Ａ）
53601,１２Ｈ（Ａ）
53602,１２Ｈ（Ａ）
53603,１２Ｈ（Ａ）
53604,１２Ｈ（Ａ）
53605,１２Ｈ（Ａ）
53410,１２Ｈ（Ａ）
53411,１２Ｈ（Ａ）
39960,１２Ｈ（Ａ）
47177,１２Ｈ（Ａ）
47179,１２Ｈ（Ａ）
59149,１２Ｈ（Ａ）
59150,１２Ｈ（Ａ）
59151,１２Ｈ（Ａ）
59152,１２Ｈ（Ａ）
46858,１２Ｈ（Ａ）
50288,１２Ｈ（Ａ）
50289,１２Ｈ（Ａ）
50290,１２Ｈ（Ａ）
50291,１２Ｈ（Ａ）
46853,１２Ｈ（Ａ）
46855,１２Ｈ（Ａ）
46949,１２Ｈ（Ａ）
46944,１２Ｈ（Ａ）
46942,１２Ｈ（Ａ）
46935,１２Ｈ（Ａ）
46946,１２Ｈ（Ａ）
46940,１２Ｈ（Ａ）
46888,１２Ｈ（Ａ）
46925,１２Ｈ（Ａ）
46932,１２Ｈ（Ａ）
46923,１２Ｈ（Ａ）
46941,１２Ｈ（Ａ）
46920,１２Ｈ（Ａ）
46922,１２Ｈ（Ａ）
46910,１２Ｈ（Ａ）
46903,１２Ｈ（Ａ）
46900,１２Ｈ（Ａ）
46947,１２Ｈ（Ａ）
46924,１２Ｈ（Ａ）
46948,１２Ｈ（Ａ）
46933,１２Ｈ（Ａ）
46928,１２Ｈ（Ａ）
46936,１２Ｈ（Ａ）
46915,１２Ｈ（Ａ）
46934,１２Ｈ（Ａ）
46885,１２Ｈ（Ａ）
46876,１２Ｈ（Ａ）
46913,１２Ｈ（Ａ）
46881,１２Ｈ（Ａ）
46882,１２Ｈ（Ａ）
46917,１２Ｈ（Ａ）
46891,１２Ｈ（Ａ）
46899,１２Ｈ（Ａ）
46897,１２Ｈ（Ａ）
46926,１２Ｈ（Ａ）
46893,１２Ｈ（Ａ）
46914,１２Ｈ（Ａ）
46889,１２Ｈ（Ａ）
46908,１２Ｈ（Ａ）
46916,１２Ｈ（Ａ）
46904,１２Ｈ（Ａ）
46890,１２Ｈ（Ａ）
46905,１２Ｈ（Ａ）
46895,１２Ｈ（Ａ）
46896,１２Ｈ（Ａ）
55807,１２Ｈ（Ａ）
50614,１２Ｈ（Ｂ）
50615,１２Ｈ（Ｂ）
50616,１２Ｈ（Ｂ）
50617,１２Ｈ（Ｂ）
39641,１２Ｈ（Ｂ）
39642,１２Ｈ（Ｂ）
39644,１２Ｈ（Ｂ）
40072,１２Ｈ（Ｂ）
40073,１２Ｈ（Ｂ）
46685,１２Ｈ（Ｂ）
46686,１２Ｈ（Ｂ）
46687,１２Ｈ（Ｂ）
46688,１２Ｈ（Ｂ）
46689,１２Ｈ（Ｂ）
46690,１２Ｈ（Ｂ）
46691,１２Ｈ（Ｂ）
46692,１２Ｈ（Ｂ）
46693,１２Ｈ（Ｂ）
46694,１２Ｈ（Ｂ）
46695,１２Ｈ（Ｂ）
46696,１２Ｈ（Ｂ）
46697,１２Ｈ（Ｂ）
46698,１２Ｈ（Ｂ）
46699,１２Ｈ（Ｂ）
46700,１２Ｈ（Ｂ）
46701,１２Ｈ（Ｂ）
46702,１２Ｈ（Ｂ）
46703,１２Ｈ（Ｂ）
46704,１２Ｈ（Ｂ）
46705,１２Ｈ（Ｂ）
46706,１２Ｈ（Ｂ）
46707,１２Ｈ（Ｂ）
46708,１２Ｈ（Ｂ）
46709,１２Ｈ（Ｂ）
47415,１２Ｈ（Ｂ）
47416,１２Ｈ（Ｂ）
47417,１２Ｈ（Ｂ）
47418,１２Ｈ（Ｂ）
47419,１２Ｈ（Ｂ）
47420,１２Ｈ（Ｂ）
47421,１２Ｈ（Ｂ）
47422,１２Ｈ（Ｂ）
47423,１２Ｈ（Ｂ）
47424,１２Ｈ（Ｂ）
47425,１２Ｈ（Ｂ）
47426,１２Ｈ（Ｂ）
47427,１２Ｈ（Ｂ）
47428,１２Ｈ（Ｂ）
47429,１２Ｈ（Ｂ）
47430,１２Ｈ（Ｂ）
47431,１２Ｈ（Ｂ）
47432,１２Ｈ（Ｂ）
47433,１２Ｈ（Ｂ）
47434,１２Ｈ（Ｂ）
47435,１２Ｈ（Ｂ）
47436,１２Ｈ（Ｂ）
47437,１２Ｈ（Ｂ）
47438,１２Ｈ（Ｂ）
47439,１２Ｈ（Ｂ）
47440,１２Ｈ（Ｂ）
47441,１２Ｈ（Ｂ）
47442,１２Ｈ（Ｂ）
47443,１２Ｈ（Ｂ）
47444,１２Ｈ（Ｂ）
57582,１２Ｈ（Ｂ）
57583,１２Ｈ（Ｂ）
57584,１２Ｈ（Ｂ）
57585,１２Ｈ（Ｂ）
57586,１２Ｈ（Ｂ）
57985,１２Ｈ（Ｂ）
57986,１２Ｈ（Ｂ）
57987,１２Ｈ（Ｂ）
54253,１２Ｈ（Ｂ）
54254,１２Ｈ（Ｂ）
54255,１２Ｈ（Ｂ）
54256,１２Ｈ（Ｂ）
54355,１２Ｈ（Ｂ）
54356,１２Ｈ（Ｂ）
56435,１２Ｈ（Ｂ）
56436,１２Ｈ（Ｂ）
49683,１２Ｈ（Ｂ）
49684,１２Ｈ（Ｂ）
49685,１２Ｈ（Ｂ）
49686,１２Ｈ（Ｂ）
49687,１２Ｈ（Ｂ）
50801,１２Ｈ（Ｂ）
50802,１２Ｈ（Ｂ）
50803,１２Ｈ（Ｂ）
50804,１２Ｈ（Ｂ）
50805,１２Ｈ（Ｂ）
52073,１２Ｈ（Ｂ）
52074,１２Ｈ（Ｂ）
52075,１２Ｈ（Ｂ）
52843,１２Ｈ（Ｂ）
52869,１２Ｈ（Ｂ）
52870,１２Ｈ（Ｂ）
53041,１２Ｈ（Ｂ）
53042,１２Ｈ（Ｂ）
53055,１２Ｈ（Ｂ）
53056,１２Ｈ（Ｂ）
53948,１２Ｈ（Ｂ）
53949,１２Ｈ（Ｂ）
53951,１２Ｈ（Ｂ）
53959,１２Ｈ（Ｂ）
53961,１２Ｈ（Ｂ）
53962,１２Ｈ（Ｂ）
56411,１２Ｈ（Ｂ）
56412,１２Ｈ（Ｂ）
56413,１２Ｈ（Ｂ）
56414,１２Ｈ（Ｂ）
59600,１２Ｈ（Ｂ）
59601,１２Ｈ（Ｂ）
46750,１２Ｈ（Ｂ）
46751,１２Ｈ（Ｂ）
46754,１２Ｈ（Ｂ）
46755,１２Ｈ（Ｂ）
47258,１２Ｈ（Ｂ）
47616,１２Ｈ（Ｂ）
52052,１２Ｈ（Ｂ）
52053,１２Ｈ（Ｂ）
35674,１２Ｈ（Ｂ）
59201,１２Ｈ（Ｂ）
59202,１２Ｈ（Ｂ）
59203,１２Ｈ（Ｂ）
59204,１２Ｈ（Ｂ）
59205,１２Ｈ（Ｂ）
59206,１２Ｈ（Ｂ）
57600,１２Ｈ（Ｂ）
46771,１２Ｈ（Ａ）
46772,１２Ｈ（Ａ）
51598,１２Ｈ（Ａ）
55185,１２Ｈ（Ａ）
46797,１２Ｈ（Ａ）
59434,１２Ｈ（Ａ）
59435,１２Ｈ（Ａ）
59436,１２Ｈ（Ａ）
59437,１２Ｈ（Ａ）
55996,１２Ｈ（Ａ）
55997,１２Ｈ（Ａ）
55995,１２Ｈ（Ａ）
46782,１２Ｈ（Ａ）
55671,１２Ｈ（Ａ）
55672,１２Ｈ（Ａ）
55629,１２Ｈ（Ａ）
52390,１２Ｈ（Ａ）
52391,１２Ｈ（Ａ）
52392,１２Ｈ（Ａ）
52394,１２Ｈ（Ａ）
52395,１２Ｈ（Ａ）
53936,１２Ｈ（Ａ）
52312,１２Ｈ（Ａ）
52313,１２Ｈ（Ａ）
46780,１２Ｈ（Ａ）
49144,１２Ｈ（Ａ）
49145,１２Ｈ（Ａ）
51027,１２Ｈ（Ａ）
46432,１２Ｈ（Ａ）
46433,１２Ｈ（Ａ）
46779,１２Ｈ（Ａ）
56852,１２Ｈ（Ａ）
56856,１２Ｈ（Ａ）
56857,１２Ｈ（Ａ）
56858,１２Ｈ（Ａ）
46796,１２Ｈ（Ａ）
32663,１２Ｈ（Ａ）
46839,１２Ｈ（Ａ）
46840,１２Ｈ（Ａ）
46841,１２Ｈ（Ａ）
46842,１２Ｈ（Ａ）
46843,１２Ｈ（Ａ）
46774,１２Ｈ（Ａ）
47198,１２Ｈ（Ａ）
47199,１２Ｈ（Ａ）
47200,１２Ｈ（Ａ）
47202,１２Ｈ（Ａ）
47204,１２Ｈ（Ａ）
40163,１２Ｈ（Ａ）
46813,１２Ｈ（Ａ）
46814,１２Ｈ（Ａ）
46815,１２Ｈ（Ａ）
46816,１２Ｈ（Ａ）
46822,１２Ｈ（Ａ）
53877,１２Ｈ（Ａ）
58295,１２Ｈ（Ｂ）
56700,１２Ｈ（Ｂ）
49756,１２Ｈ（Ｂ）
51616,１２Ｈ（Ｂ）
58582,１２Ｈ（Ｂ）
50647,１２Ｈ（Ｂ）
55244,１２Ｈ（Ｂ）
58823,１２Ｈ（Ｂ）
49050,１２Ｈ（Ａ）
49015,１２Ｈ（Ａ）
49074,１２Ｈ（Ａ）
49016,１２Ｈ（Ａ）
49075,１２Ｈ（Ａ）
32659,１２Ｈ（Ａ）
32660,１２Ｈ（Ａ）
50710,１２Ｈ（Ａ）
46859,１２Ｈ（Ａ）
46860,１２Ｈ（Ａ）
46861,１２Ｈ（Ａ）
46862,１２Ｈ（Ａ）
46863,１２Ｈ（Ａ）
47229,１２Ｈ（Ｂ）
46756,１２Ｈ（Ａ）
47160,１２Ｈ（Ａ）
47159,１２Ｈ（Ａ）
47105,１２Ｈ（Ａ）
47111,１２Ｈ（Ａ）
47112,１２Ｈ（Ａ）
47113,１２Ｈ（Ａ）
47114,１２Ｈ（Ａ）
47115,１２Ｈ（Ａ）
47116,１２Ｈ（Ａ）
47117,１２Ｈ（Ａ）
47118,１２Ｈ（Ａ）
47119,１２Ｈ（Ａ）
47120,１２Ｈ（Ａ）
47156,１２Ｈ（Ａ）
51008,１２Ｈ（Ａ）
47157,１２Ｈ（Ａ）
47195,１２Ｈ（Ａ）
55233,１２Ｈ（Ａ）
57580,１２Ｈ（Ａ）
47558,１２Ｈ（Ａ）
47191,１２Ｈ（Ａ）
47192,１２Ｈ（Ａ）
47193,１２Ｈ（Ａ）
47194,１２Ｈ（Ａ）
50927,１２Ｈ（Ａ）
46898,１２Ｈ（Ａ）
54066,１２Ｈ（Ａ）
56101,１２Ｈ（Ａ）
50916,１２Ｈ（Ａ）
50915,１２Ｈ（Ａ）
52008,１２Ｈ（Ａ）
51609,１２Ｈ（Ａ）
39438,１２Ｈ（Ａ）
39439,１２Ｈ（Ａ）
39442,１２Ｈ（Ａ）
39443,１２Ｈ（Ａ）
46789,１２Ｈ（Ａ）
50717,１２Ｈ（Ａ）
47109,１２Ｈ（Ａ）
47771,１２Ｈ（Ｂ）
53014,１２Ｈ（Ｂ）
53015,１２Ｈ（Ｂ）
51823,１２Ｈ（Ｂ）
48029,１２Ｈ（Ｂ）
48030,１２Ｈ（Ｂ）
48031,１２Ｈ（Ｂ）
49216,１２Ｈ（Ｂ）
46769,１２Ｈ（Ｂ）
46768,１２Ｈ（Ｂ）
47218,１２Ｈ（Ｂ）
47219,１２Ｈ（Ｂ）
47220,１２Ｈ（Ｂ）
58390,１２Ｈ（Ｂ）
58391,１２Ｈ（Ｂ）
47210,１２Ｈ（Ｂ）
47211,１２Ｈ（Ｂ）
47462,１２Ｈ（Ａ）
47463,１２Ｈ（Ａ）
50358,１２Ｈ（Ａ）
56509,１２Ｈ（Ａ）
52742,１２Ｈ（Ａ）
52744,１２Ｈ（Ａ）
52746,１２Ｈ（Ａ）
52747,１２Ｈ（Ａ）
52748,１２Ｈ（Ａ）
52751,１２Ｈ（Ａ）
52772,１２Ｈ（Ａ）
53006,１２Ｈ（Ａ）
54814,１２Ｈ（Ａ）
54815,１２Ｈ（Ａ）
54816,１２Ｈ（Ａ）
54817,１２Ｈ（Ａ）
54799,１２Ｈ（Ａ）
55095,１２Ｈ（Ａ）
55096,１２Ｈ（Ａ）
55214,１２Ｈ（Ａ）
55041,１２Ｈ（Ａ）
46844,１２Ｈ（Ｂ）
46602,１２Ｈ（Ａ）
46603,１２Ｈ（Ａ）
46616,１２Ｈ（Ａ）
46617,１２Ｈ（Ａ）
46618,１２Ｈ（Ａ）
46619,１２Ｈ（Ａ）
46620,１２Ｈ（Ａ）
46621,１２Ｈ（Ａ）
46545,１２Ｈ（Ａ）
48691,１２Ｈ（Ａ）
48692,１２Ｈ（Ａ）
48693,１２Ｈ（Ａ）
48694,１２Ｈ（Ａ）
48695,１２Ｈ（Ａ）
48696,１２Ｈ（Ａ）
48697,１２Ｈ（Ａ）
48698,１２Ｈ（Ａ）
48614,１２Ｈ（Ａ）
47414,１２Ｈ（Ａ）
57239,１２Ｈ（Ａ）
57240,１２Ｈ（Ａ）
52444,１２Ｈ（Ａ）
47172,休み（Ａ）
47173,１２Ｈ（Ｂ）
52162,１２Ｈ（Ｂ）
52163,１２Ｈ（Ｂ）
47167,１２Ｈ（Ａ）
47171,１２Ｈ（Ａ）
47170,１２Ｈ（Ａ）
47168,１２Ｈ（Ｂ）
47265,１２Ｈ（Ｂ）
47166,１２Ｈ（Ａ）
46838,１２Ｈ（Ａ）
47110,１２Ｈ（Ａ）
46757,１２Ｈ（Ａ）
49731,１２Ｈ（Ａ）
47408,１２Ｈ（Ａ）
47406,１２Ｈ（Ａ）
47407,１２Ｈ（Ａ）
46964,１２Ｈ（Ａ）
46962,１２Ｈ（Ａ）
46959,休み（Ａ）
47158,１２Ｈ（Ａ）
47106,１２Ｈ（Ａ）
46984,１２Ｈ（Ａ）
46985,１２Ｈ（Ａ）
46983,１２Ｈ（Ａ）
46981,１２Ｈ（Ａ）
46977,１２Ｈ（Ａ）
46978,１２Ｈ（Ａ）
46982,１２Ｈ（Ａ）
46979,１２Ｈ（Ａ）
46980,１２Ｈ（Ａ）
47031,１２Ｈ（Ａ）
47039,１２Ｈ（Ａ）
47038,１２Ｈ（Ａ）
47027,１２Ｈ（Ａ）
47026,１２Ｈ（Ａ）
47028,１２Ｈ（Ａ）
47029,１２Ｈ（Ａ）
47030,１２Ｈ（Ａ）
47042,１２Ｈ（Ａ）
47032,１２Ｈ（Ａ）
47033,１２Ｈ（Ａ）
47034,１２Ｈ（Ａ）
47035,１２Ｈ（Ａ）
47036,１２Ｈ（Ａ）
47043,１２Ｈ（Ａ）
47044,１２Ｈ（Ａ）
47040,１２Ｈ（Ａ）
47046,１２Ｈ（Ａ）
47047,１２Ｈ（Ａ）
47045,１２Ｈ（Ａ）
47048,１２Ｈ（Ａ）
47081,１２Ｈ（Ａ）
47085,１２Ｈ（Ａ）
47087,１２Ｈ（Ａ）
47090,１２Ｈ（Ａ）
46996,１２Ｈ（Ａ）
46999,１２Ｈ（Ａ）
47001,休み（Ａ）
47003,１２Ｈ（Ａ）
47004,１２Ｈ（Ａ）
47078,１２Ｈ（Ａ）
47079,１２Ｈ（Ａ）
47080,１２Ｈ（Ａ）
47082,１２Ｈ（Ａ）
47083,１２Ｈ（Ａ）
47084,１２Ｈ（Ａ）
47023,１２Ｈ（Ａ）
47024,１２Ｈ（Ａ）
47067,１２Ｈ（Ａ）
47071,１２Ｈ（Ａ）
47072,１２Ｈ（Ａ）
47073,１２Ｈ（Ａ）
47070,１２Ｈ（Ａ）
47015,１２Ｈ（Ａ）
47008,１２Ｈ（Ａ）
47012,休み（Ａ）
47011,１２Ｈ（Ａ）
47059,１２Ｈ（Ａ）
47009,休み（Ａ）
47060,１２Ｈ（Ａ）
47014,１２Ｈ（Ａ）
47013,１２Ｈ（Ａ）
47016,１２Ｈ（Ａ）
46956,１２Ｈ（Ａ）
46958,１２Ｈ（Ａ）
46957,休み（Ａ）
46987,１２Ｈ（Ａ）
46986,１２Ｈ（Ａ）
47077,１２Ｈ（Ａ）
46994,１２Ｈ（Ａ）
46993,１２Ｈ（Ａ）
47147,１２Ｈ（Ａ）
56475,１２Ｈ（Ａ）
47121,１２Ｈ（Ａ）
47483,１２Ｈ（Ａ）
46968,１２Ｈ（Ａ）
48448,１２Ｈ（Ａ）
48447,１２Ｈ（Ａ）
46971,１２Ｈ（Ａ）
46972,１２Ｈ（Ａ）
46973,１２Ｈ（Ａ）
46974,１２Ｈ（Ａ）
46975,１２Ｈ（Ａ）
46976,１２Ｈ（Ａ）
46969,休み（Ａ）
46970,１２Ｈ（Ａ）
46955,１２Ｈ（Ａ）
46965,休み（Ａ）
46967,１２Ｈ（Ａ）
47053,１２Ｈ（Ａ）
47054,１２Ｈ（Ａ）
47094,１２Ｈ（Ａ）
47095,１２Ｈ（Ａ）
47098,１２Ｈ（Ａ）
47103,１２Ｈ（Ａ）
57382,１２Ｈ（Ａ）
38321,１２Ｈ（Ａ）
38322,１２Ｈ（Ａ）
47148,１２Ｈ（Ａ）
47149,１２Ｈ（Ａ）
47150,１２Ｈ（Ａ）
47151,１２Ｈ（Ａ）
47152,１２Ｈ（Ａ）
47153,１２Ｈ（Ａ）
47154,１２Ｈ（Ａ）
47155,１２Ｈ（Ａ）
47124,１２Ｈ（Ａ）
47125,１２Ｈ（Ａ）
47126,１２Ｈ（Ａ）
47127,１２Ｈ（Ａ）
56665,１２Ｈ（Ａ）
56666,１２Ｈ（Ａ）
56667,１２Ｈ（Ａ）
56668,１２Ｈ（Ａ）
56669,１２Ｈ（Ａ）
56670,１２Ｈ（Ａ）
56671,１２Ｈ（Ａ）
56672,１２Ｈ（Ａ）
56673,１２Ｈ（Ａ）
56674,１２Ｈ（Ａ）
56675,１２Ｈ（Ａ）
56676,１２Ｈ（Ａ）
54098,１２Ｈ（Ａ）
46953,１２Ｈ（Ａ）
16165,１２Ｈ（Ａ）
17526,１２Ｈ（Ａ）
47451,１２Ｈ（Ａ）
47452,１２Ｈ（Ａ）
47453,１２Ｈ（Ａ）
47454,１２Ｈ（Ａ）
48817,１２Ｈ（Ａ）
47181,１２Ｈ（Ａ）
56544,１２Ｈ（Ａ）
47163,１２Ｈ（Ａ）
47164,１２Ｈ（Ａ）
47230,１２Ｈ（Ａ）
55846,１２Ｈ（Ｂ）
47206,１２Ｈ（Ａ）
46760,１２Ｈ（Ａ）
56454,１２Ｈ（Ａ）
47162,１２Ｈ（Ａ）
47180,１２Ｈ（Ａ）
47459,１２Ｈ（Ａ）
47175,１２Ｈ（Ａ）
47244,１２Ｈ（Ａ）
47245,１２Ｈ（Ａ）
47246,１２Ｈ（Ａ）
47247,１２Ｈ（Ａ）
47248,１２Ｈ（Ａ）
47249,１２Ｈ（Ａ）
47250,１２Ｈ（Ａ）
47251,１２Ｈ（Ａ）
47252,休み（Ａ）
47253,１２Ｈ（Ａ）
48834,１２Ｈ（Ａ）
48835,１２Ｈ（Ａ）
53906,１２Ｈ（Ａ）
56251,１２Ｈ（Ａ）
56252,１２Ｈ（Ａ）
55334,２４Ｈ（ボウリング）
37862,１２Ｈ（３Ｆ）
37864,１２Ｈ（３Ｆ）
45608,１２Ｈ（３Ｆ）
51396,１２Ｈ（３Ｆ）
51397,１２Ｈ（３Ｆ）
48390,２４Ｈ（ボウリング）
48391,２４Ｈ（ボウリング）
48392,２４Ｈ（ボウリング）
48393,２４Ｈ（ボウリング）
38279,１２Ｈ（３Ｆ）
38280,１２Ｈ（３Ｆ）
37948,１２Ｈ（３Ｆ）
37949,２４Ｈ（ボウリング）
37950,１２Ｈ（３Ｆ）
37951,２４Ｈ（ボウリング）
38873,２４Ｈ（ボウリング）
38874,２４Ｈ（ボウリング）
38893,２４Ｈ（ボウリング）
38894,２４Ｈ（ボウリング）
38895,２４Ｈ（ボウリング）
38896,２４Ｈ（ボウリング）
39598,２４Ｈ（ボウリング）
39599,２４Ｈ（ボウリング）
46643,２４Ｈ（ボウリング）
38731,２４Ｈ（ボウリング）
57509,２４Ｈ（ボウリング）
57510,２４Ｈ（ボウリング）
57511,２４Ｈ（ボウリング）
57512,２４Ｈ（ボウリング）
38055,１２Ｈ（３Ｆ）
38056,１２Ｈ（３Ｆ）
38057,１２Ｈ（３Ｆ）
57091,１２Ｈ（３Ｆ）
57092,１２Ｈ（３Ｆ）
57081,２４Ｈ（ボウリング）
38167,１２Ｈ（３Ｆ）
38191,１２Ｈ（３Ｆ）
38281,１２Ｈ（３Ｆ）
54199,２４Ｈ（ボウリング）
54200,２４Ｈ（ボウリング）
54201,２４Ｈ（ボウリング）
54202,２４Ｈ（ボウリング）
57654,２４Ｈ（ボウリング）
57655,２４Ｈ（ボウリング）
53522,２４Ｈ（ボウリング）
53523,２４Ｈ（ボウリング）
53524,２４Ｈ（ボウリング）
53525,２４Ｈ（ボウリング）
53526,２４Ｈ（ボウリング）
53527,２４Ｈ（ボウリング）
53528,２４Ｈ（ボウリング）
53529,２４Ｈ（ボウリング）
53530,２４Ｈ（ボウリング）
53531,２４Ｈ（ボウリング）
53532,２４Ｈ（ボウリング）
53533,２４Ｈ（ボウリング）
53586,２４Ｈ（ボウリング）
53587,２４Ｈ（ボウリング）
53588,２４Ｈ（ボウリング）
53589,２４Ｈ（ボウリング）
53400,２４Ｈ（ボウリング）
53401,２４Ｈ（ボウリング）
53800,１２Ｈ（３Ｆ）
53801,１２Ｈ（３Ｆ）
53802,１２Ｈ（３Ｆ）
53803,１２Ｈ（３Ｆ）
53804,１２Ｈ（３Ｆ）
53805,１２Ｈ（３Ｆ）
53806,１２Ｈ（３Ｆ）
53807,１２Ｈ（３Ｆ）
35384,２４Ｈ（ボウリング）
37579,２４Ｈ（ボウリング）
37583,２４Ｈ（ボウリング）
37584,２４Ｈ（ボウリング）
37595,２４Ｈ（ボウリング）
59141,２４Ｈ（ボウリング）
59142,２４Ｈ（ボウリング）
59143,２４Ｈ（ボウリング）
59144,２４Ｈ（ボウリング）
37633,１２Ｈ（３Ｆ）
50260,２４Ｈ（ボウリング）
50261,２４Ｈ（ボウリング）
50262,２４Ｈ（ボウリング）
50263,２４Ｈ（ボウリング）
50264,２４Ｈ（ボウリング）
50265,２４Ｈ（ボウリング）
37636,１２Ｈ（３Ｆ）
37637,１２Ｈ（３Ｆ）
37638,１２Ｈ（３Ｆ）
37641,１２Ｈ（３Ｆ）
35863,１２Ｈ（３Ｆ）
35372,１２Ｈ（３Ｆ）
35858,１２Ｈ（３Ｆ）
35857,１２Ｈ（３Ｆ）
35864,１２Ｈ（３Ｆ）
35371,１２Ｈ（３Ｆ）
35734,１２Ｈ（３Ｆ）
35425,１２Ｈ（３Ｆ）
35603,１２Ｈ（３Ｆ）
35913,１２Ｈ（３Ｆ）
35884,１２Ｈ（３Ｆ）
35854,１２Ｈ（３Ｆ）
35731,１２Ｈ（３Ｆ）
46878,１２Ｈ（３Ｆ）
46886,１２Ｈ（３Ｆ）
46907,１２Ｈ（３Ｆ）
46883,１２Ｈ（３Ｆ）
46879,１２Ｈ（３Ｆ）
46892,１２Ｈ（３Ｆ）
46901,１２Ｈ（３Ｆ）
46919,１２Ｈ（３Ｆ）
46887,１２Ｈ（３Ｆ）
46880,１２Ｈ（３Ｆ）
46912,１２Ｈ（３Ｆ）
46902,１２Ｈ（３Ｆ）
46937,１２Ｈ（３Ｆ）
46906,１２Ｈ（３Ｆ）
35600,１２Ｈ（３Ｆ）
35601,１２Ｈ（３Ｆ）
35724,１２Ｈ（３Ｆ）
35723,１２Ｈ（３Ｆ）
35737,１２Ｈ（３Ｆ）
46873,休み（カート１）
36445,１２Ｈ（３Ｆ）
36017,１２Ｈ（３Ｆ）
36113,１２Ｈ（３Ｆ）
36110,１２Ｈ（３Ｆ）
36112,１２Ｈ（３Ｆ）
36018,１２Ｈ（３Ｆ）
36447,１２Ｈ（３Ｆ）
36176,１２Ｈ（３Ｆ）
36172,１２Ｈ（３Ｆ）
36173,１２Ｈ（３Ｆ）
36174,１２Ｈ（３Ｆ）
46909,１２Ｈ（３Ｆ）
55803,１２Ｈ（３Ｆ）
35989,１２Ｈ（３Ｆ）
37173,１２Ｈ（３Ｆ）
36162,１２Ｈ（３Ｆ）
36376,１２Ｈ（３Ｆ）
37255,１２Ｈ（３Ｆ）
37283,１２Ｈ（３Ｆ）
36101,１２Ｈ（３Ｆ）
36087,１２Ｈ（３Ｆ）
36049,１２Ｈ（３Ｆ）
36317,１２Ｈ（３Ｆ）
36042,１２Ｈ（３Ｆ）
37182,１２Ｈ（３Ｆ）
36321,１２Ｈ（３Ｆ）
37286,１２Ｈ（３Ｆ）
35979,１２Ｈ（３Ｆ）
36434,１２Ｈ（３Ｆ）
37246,１２Ｈ（３Ｆ）
36041,１２Ｈ（３Ｆ）
35993,１２Ｈ（３Ｆ）
36392,１２Ｈ（３Ｆ）
36330,１２Ｈ（３Ｆ）
37480,１２Ｈ（３Ｆ）
37271,１２Ｈ（３Ｆ）
36099,１２Ｈ（３Ｆ）
36100,１２Ｈ（３Ｆ）
36056,１２Ｈ（３Ｆ）
50591,１２Ｈ（３Ｆ）
50592,１２Ｈ（３Ｆ）
50593,１２Ｈ（３Ｆ）
50612,１２Ｈ（３Ｆ）
35358,１２Ｈ（３Ｆ）
35359,１２Ｈ（３Ｆ）
35427,１２Ｈ（３Ｆ）
35428,１２Ｈ（３Ｆ）
35429,１２Ｈ（３Ｆ）
35430,１２Ｈ（３Ｆ）
35431,１２Ｈ（３Ｆ）
35432,１２Ｈ（３Ｆ）
35433,１２Ｈ（３Ｆ）
35434,１２Ｈ（３Ｆ）
35435,１２Ｈ（３Ｆ）
35436,１２Ｈ（３Ｆ）
35437,１２Ｈ（３Ｆ）
35438,１２Ｈ（３Ｆ）
35439,１２Ｈ（３Ｆ）
35440,１２Ｈ（３Ｆ）
35441,１２Ｈ（３Ｆ）
35442,１２Ｈ（３Ｆ）
35444,１２Ｈ（３Ｆ）
35445,１２Ｈ（３Ｆ）
35446,１２Ｈ（３Ｆ）
35447,１２Ｈ（３Ｆ）
35449,１２Ｈ（３Ｆ）
35450,１２Ｈ（３Ｆ）
35451,１２Ｈ（３Ｆ）
35452,１２Ｈ（３Ｆ）
35453,１２Ｈ（３Ｆ）
35454,１２Ｈ（３Ｆ）
35455,１２Ｈ（３Ｆ）
35456,１２Ｈ（３Ｆ）
35511,１２Ｈ（３Ｆ）
35512,１２Ｈ（３Ｆ）
35513,１２Ｈ（３Ｆ）
35514,１２Ｈ（３Ｆ）
35515,１２Ｈ（３Ｆ）
35516,１２Ｈ（３Ｆ）
35517,１２Ｈ（３Ｆ）
35518,１２Ｈ（３Ｆ）
35519,１２Ｈ（３Ｆ）
35520,１２Ｈ（３Ｆ）
35521,１２Ｈ（３Ｆ）
35522,１２Ｈ（３Ｆ）
35523,１２Ｈ（３Ｆ）
35524,１２Ｈ（３Ｆ）
35525,１２Ｈ（３Ｆ）
35526,１２Ｈ（３Ｆ）
35528,１２Ｈ（３Ｆ）
35529,１２Ｈ（３Ｆ）
35530,１２Ｈ（３Ｆ）
35531,１２Ｈ（３Ｆ）
35533,１２Ｈ（３Ｆ）
35534,１２Ｈ（３Ｆ）
35535,１２Ｈ（３Ｆ）
35536,１２Ｈ（３Ｆ）
35537,１２Ｈ（３Ｆ）
35538,１２Ｈ（３Ｆ）
35539,１２Ｈ（３Ｆ）
35540,１２Ｈ（３Ｆ）
35541,１２Ｈ（３Ｆ）
35542,１２Ｈ（３Ｆ）
35543,１２Ｈ（３Ｆ）
35544,１２Ｈ（３Ｆ）
35545,１２Ｈ（３Ｆ）
35546,１２Ｈ（３Ｆ）
35547,１２Ｈ（３Ｆ）
35548,１２Ｈ（３Ｆ）
35549,１２Ｈ（３Ｆ）
35550,１２Ｈ（３Ｆ）
35551,１２Ｈ（３Ｆ）
35552,１２Ｈ（３Ｆ）
35553,１２Ｈ（３Ｆ）
35554,１２Ｈ（３Ｆ）
35555,１２Ｈ（３Ｆ）
35556,１２Ｈ（３Ｆ）
35557,１２Ｈ（３Ｆ）
35558,１２Ｈ（３Ｆ）
39643,１２Ｈ（３Ｆ）
39648,１２Ｈ（３Ｆ）
39668,１２Ｈ（３Ｆ）
56429,１２Ｈ（３Ｆ）
56430,１２Ｈ（３Ｆ）
50790,１２Ｈ（３Ｆ）
50791,１２Ｈ（３Ｆ）
50792,１２Ｈ（３Ｆ）
50793,１２Ｈ（３Ｆ）
52853,１２Ｈ（３Ｆ）
52854,１２Ｈ（３Ｆ）
53043,１２Ｈ（３Ｆ）
53044,１２Ｈ（３Ｆ）
56379,１２Ｈ（３Ｆ）
56380,１２Ｈ（３Ｆ）
56381,１２Ｈ（３Ｆ）
56382,１２Ｈ（３Ｆ）
35680,１２Ｈ（３Ｆ）
35681,１２Ｈ（３Ｆ）
59592,１２Ｈ（３Ｆ）
35865,１２Ｈ（３Ｆ）
35867,１２Ｈ（３Ｆ）
35869,１２Ｈ（３Ｆ）
35870,１２Ｈ（３Ｆ）
35872,１２Ｈ（３Ｆ）
47577,１２Ｈ（３Ｆ）
47579,１２Ｈ（３Ｆ）
47581,１２Ｈ（３Ｆ）
52040,１２Ｈ（３Ｆ）
35906,１２Ｈ（３Ｆ）
35938,１２Ｈ（３Ｆ）
35939,１２Ｈ（３Ｆ）
35998,１２Ｈ（３Ｆ）
35999,１２Ｈ（３Ｆ）
36000,１２Ｈ（３Ｆ）
36001,１２Ｈ（３Ｆ）
49500,１２Ｈ（３Ｆ）
47721,１２Ｈ（３Ｆ）
47722,１２Ｈ（３Ｆ）
47729,１２Ｈ（３Ｆ）
47730,１２Ｈ（３Ｆ）
47731,１２Ｈ（３Ｆ）
47732,１２Ｈ（３Ｆ）
49501,１２Ｈ（３Ｆ）
36024,１２Ｈ（３Ｆ）
35673,１２Ｈ（３Ｆ）
57592,１２Ｈ（３Ｆ）
36401,１２Ｈ（３Ｆ）
36402,１２Ｈ（３Ｆ）
51582,２４Ｈ（１Ｆ）
51587,２４Ｈ（１Ｆ）
55176,１２Ｈ（３Ｆ）
36528,１２Ｈ（３Ｆ）
36454,２４Ｈ（１Ｆ）
36461,２４Ｈ（１Ｆ）
36482,１２Ｈ（３Ｆ）
59408,２４Ｈ（１Ｆ）
59409,２４Ｈ（１Ｆ）
59410,２４Ｈ（１Ｆ）
59411,２４Ｈ（１Ｆ）
59430,２４Ｈ（１Ｆ）
59431,２４Ｈ（１Ｆ）
55767,１２Ｈ（３Ｆ）
55768,１２Ｈ（３Ｆ）
55752,２４Ｈ（１Ｆ）
35181,２４Ｈ（１Ｆ）
35182,２４Ｈ（１Ｆ）
35183,２４Ｈ（１Ｆ）
35184,２４Ｈ（１Ｆ）
55660,２４Ｈ（１Ｆ）
55661,２４Ｈ（１Ｆ）
55662,２４Ｈ（１Ｆ）
55618,２４Ｈ（１Ｆ）
55619,２４Ｈ（１Ｆ）
52352,２４Ｈ（１Ｆ）
52353,２４Ｈ（１Ｆ）
52354,２４Ｈ（１Ｆ）
52355,２４Ｈ（１Ｆ）
52356,２４Ｈ（１Ｆ）
52357,２４Ｈ（１Ｆ）
52301,２４Ｈ（１Ｆ）
52302,２４Ｈ（１Ｆ）
36512,１２Ｈ（３Ｆ）
36513,１２Ｈ（３Ｆ）
40655,２４Ｈ（１Ｆ）
40656,２４Ｈ（１Ｆ）
40657,２４Ｈ（１Ｆ）
40658,２４Ｈ（１Ｆ）
36536,１２Ｈ（３Ｆ）
36537,１２Ｈ（３Ｆ）
56834,２４Ｈ（１Ｆ）
56835,２４Ｈ（１Ｆ）
56836,２４Ｈ（１Ｆ）
30346,２４Ｈ（１Ｆ）
36553,１２Ｈ（３Ｆ）
36593,２４Ｈ（ボウリング）
36594,１２Ｈ（３Ｆ）
36595,１２Ｈ（３Ｆ）
36596,１２Ｈ（３Ｆ）
36597,１２Ｈ（３Ｆ）
36599,１２Ｈ（３Ｆ）
51627,１２Ｈ（３Ｆ）
34931,１２Ｈ（３Ｆ）
34932,１２Ｈ（３Ｆ）
34923,１２Ｈ（３Ｆ）
34924,１２Ｈ（３Ｆ）
39555,１２Ｈ（３Ｆ）
34990,１２Ｈ（３Ｆ）
34991,１２Ｈ（３Ｆ）
34994,１２Ｈ（３Ｆ）
34995,１２Ｈ（３Ｆ）
34996,１２Ｈ（３Ｆ）
34997,１２Ｈ（３Ｆ）
34987,１２Ｈ（３Ｆ）
40106,１２Ｈ（３Ｆ）
47905,１２Ｈ（３Ｆ）
49114,２４Ｈ（１Ｆ）
53910,２４Ｈ（１Ｆ）
57354,２４Ｈ（ボウリング）
57355,２４Ｈ（ボウリング）
57356,２４Ｈ（ボウリング）
57357,２４Ｈ（ボウリング）
35094,１２Ｈ（３Ｆ）
35099,２４Ｈ（ボウリング）
49044,２４Ｈ（１Ｆ）
48975,２４Ｈ（１Ｆ）
49062,２４Ｈ（１Ｆ）
48977,２４Ｈ（１Ｆ）
49063,２４Ｈ（１Ｆ）
50701,１２Ｈ（３Ｆ）
50702,１２Ｈ（３Ｆ）
36259,２４Ｈ（１Ｆ）
36260,２４Ｈ（１Ｆ）
36261,２４Ｈ（１Ｆ）
36262,２４Ｈ（１Ｆ）
36253,２４Ｈ（１Ｆ）
36947,１２Ｈ（３Ｆ）
36381,２４Ｈ（ボウリング）
37424,１２Ｈ（３Ｆ）
37427,１２Ｈ（３Ｆ）
48805,１２Ｈ（３Ｆ）
36150,１２Ｈ（３Ｆ）
36151,１２Ｈ（３Ｆ）
36149,１２Ｈ（３Ｆ）
33477,１２Ｈ（３Ｆ）
55294,１２Ｈ（３Ｆ）
37449,１２Ｈ（３Ｆ）
57576,１２Ｈ（３Ｆ）
47556,１２Ｈ（３Ｆ）
47187,１２Ｈ（３Ｆ）
47188,１２Ｈ（３Ｆ）
46321,１２Ｈ（３Ｆ）
54062,１２Ｈ（３Ｆ）
50911,１２Ｈ（３Ｆ）
50914,１２Ｈ（３Ｆ）
54045,１２Ｈ（３Ｆ）
35648,１２Ｈ（３Ｆ）
52003,１２Ｈ（３Ｆ）
51604,１２Ｈ（３Ｆ）
39454,１２Ｈ（３Ｆ）
39455,１２Ｈ（３Ｆ）
49085,１２Ｈ（３Ｆ）
55955,２４Ｈ（１Ｆ）
55956,２４Ｈ（１Ｆ）
58982,２４Ｈ（１Ｆ）
34855,２４Ｈ（ボウリング）
34858,２４Ｈ（ボウリング）
53010,２４Ｈ（１Ｆ）
51819,２４Ｈ（１Ｆ）
48013,２４Ｈ（１Ｆ）
48014,２４Ｈ（１Ｆ）
48015,２４Ｈ（１Ｆ）
58382,２４Ｈ（１Ｆ）
34909,２４Ｈ（１Ｆ）
34910,２４Ｈ（１Ｆ）
47461,１２Ｈ（３Ｆ）
36329,休み（カート１）
56502,１２Ｈ（３Ｆ）
36341,１２Ｈ（３Ｆ）
36342,１２Ｈ（３Ｆ）
36343,１２Ｈ（３Ｆ）
36344,１２Ｈ（３Ｆ）
36345,１２Ｈ（３Ｆ）
36347,１２Ｈ（３Ｆ）
52718,２４Ｈ（ボウリング）
52719,２４Ｈ（ボウリング）
52720,２４Ｈ（ボウリング）
52721,２４Ｈ（ボウリング）
52722,２４Ｈ（ボウリング）
52723,２４Ｈ（ボウリング）
52724,２４Ｈ（ボウリング）
52725,２４Ｈ（ボウリング）
52764,２４Ｈ（ボウリング）
54800,１２Ｈ（３Ｆ）
54801,１２Ｈ（３Ｆ）
54802,１２Ｈ（３Ｆ）
54803,１２Ｈ（３Ｆ）
54804,１２Ｈ（３Ｆ）
54805,１２Ｈ（３Ｆ）
54878,１２Ｈ（３Ｆ）
54879,１２Ｈ（３Ｆ）
54797,１２Ｈ（３Ｆ）
55074,１２Ｈ（３Ｆ）
55075,１２Ｈ（３Ｆ）
55076,１２Ｈ（３Ｆ）
55209,１２Ｈ（３Ｆ）
55210,１２Ｈ（３Ｆ）
55211,１２Ｈ（３Ｆ）
55034,１２Ｈ（３Ｆ）
55218,１２Ｈ（３Ｆ）
39536,１２Ｈ（３Ｆ）
52903,２４Ｈ（ボウリング）
52904,２４Ｈ（ボウリング）
48312,１２Ｈ（３Ｆ）
48313,１２Ｈ（３Ｆ）
48314,１２Ｈ（３Ｆ）
48257,１２Ｈ（３Ｆ）
46580,２４Ｈ（ボウリング）
46581,２４Ｈ（ボウリング）
46582,２４Ｈ（ボウリング）
46583,２４Ｈ（ボウリング）
46537,２４Ｈ（ボウリング）
48649,２４Ｈ（ボウリング）
48650,２４Ｈ（ボウリング）
48651,２４Ｈ（ボウリング）
48652,２４Ｈ（ボウリング）
48653,２４Ｈ（ボウリング）
48654,２４Ｈ（ボウリング）
48606,２４Ｈ（ボウリング）
36052,１２Ｈ（３Ｆ）
57231,２４Ｈ（１Ｆ）
57336,２４Ｈ（ボウリング）
52436,２４Ｈ（１Ｆ）
53941,２４Ｈ（１Ｆ）
36140,１２Ｈ（３Ｆ）
36144,２４Ｈ（１Ｆ）
36143,１２Ｈ（３Ｆ）
36141,休み（カート１）
36137,２４Ｈ（１Ｆ）
36138,２４Ｈ（ボウリング）
36142,１２Ｈ（３Ｆ）
36145,２４Ｈ（１Ｆ）
36146,１２Ｈ（３Ｆ）
36147,２４Ｈ（１Ｆ）
36084,２４Ｈ（ボウリング）
52148,２４Ｈ（１Ｆ）
52149,２４Ｈ（１Ｆ）
36074,休み（カート１）
36853,１２Ｈ（３Ｆ）
37511,１２Ｈ（３Ｆ）
36739,１２Ｈ（３Ｆ）
36740,１２Ｈ（３Ｆ）
37344,１２Ｈ（３Ｆ）
37345,１２Ｈ（３Ｆ）
36788,１２Ｈ（３Ｆ）
36789,１２Ｈ（３Ｆ）
37542,１２Ｈ（３Ｆ）
37543,１２Ｈ（３Ｆ）
38657,１２Ｈ（３Ｆ）
36826,１２Ｈ（３Ｆ）
36827,１２Ｈ（３Ｆ）
36824,１２Ｈ（３Ｆ）
36825,１２Ｈ（３Ｆ）
36829,１２Ｈ（３Ｆ）
36770,１２Ｈ（３Ｆ）
37169,１２Ｈ（３Ｆ）
36858,１２Ｈ（３Ｆ）
36859,１２Ｈ（３Ｆ）
36860,１２Ｈ（３Ｆ）
36771,休み（カート１）
37355,１２Ｈ（３Ｆ）
37554,１２Ｈ（３Ｆ）
37555,１２Ｈ（３Ｆ）
37556,１２Ｈ（３Ｆ）
37557,１２Ｈ（３Ｆ）
37176,１２Ｈ（３Ｆ）
37179,１２Ｈ（３Ｆ）
37170,１２Ｈ（３Ｆ）
37171,１２Ｈ（３Ｆ）
37476,１２Ｈ（３Ｆ）
36621,１２Ｈ（３Ｆ）
36622,１２Ｈ（３Ｆ）
37330,１２Ｈ（３Ｆ）
37313,１２Ｈ（３Ｆ）
37315,１２Ｈ（３Ｆ）
37262,１２Ｈ（３Ｆ）
37263,１２Ｈ（３Ｆ）
37467,１２Ｈ（３Ｆ）
38639,１２Ｈ（３Ｆ）
38638,１２Ｈ（３Ｆ）
35002,１２Ｈ（３Ｆ）
47062,１２Ｈ（３Ｆ）
47069,１２Ｈ（３Ｆ）
36277,１２Ｈ（３Ｆ）
36275,１２Ｈ（３Ｆ）
36718,１２Ｈ（３Ｆ）
56469,１２Ｈ（３Ｆ）
36746,１２Ｈ（３Ｆ）
36752,１２Ｈ（３Ｆ）
36757,休み（カート１）
36833,１２Ｈ（３Ｆ）
45671,１２Ｈ（３Ｆ）
48438,１２Ｈ（３Ｆ）
36783,１２Ｈ（３Ｆ）
36821,１２Ｈ（３Ｆ）
37208,１２Ｈ（３Ｆ）
36652,１２Ｈ（３Ｆ）
36640,１２Ｈ（３Ｆ）
36641,１２Ｈ（３Ｆ）
37224,１２Ｈ（３Ｆ）
37226,１２Ｈ（３Ｆ）
37227,１２Ｈ（３Ｆ）
37217,１２Ｈ（３Ｆ）
37219,１２Ｈ（３Ｆ）
37225,１２Ｈ（３Ｆ）
37195,１２Ｈ（３Ｆ）
37196,１２Ｈ（３Ｆ）
37466,１２Ｈ（３Ｆ）
36772,１２Ｈ（３Ｆ）
47049,１２Ｈ（３Ｆ）
47051,１２Ｈ（３Ｆ）
37281,１２Ｈ（３Ｆ）
37307,１２Ｈ（３Ｆ）
36781,１２Ｈ（３Ｆ）
36666,１２Ｈ（３Ｆ）
36776,休み（カート１）
36780,１２Ｈ（３Ｆ）
36782,１２Ｈ（３Ｆ）
36800,１２Ｈ（３Ｆ）
36801,１２Ｈ（３Ｆ）
36862,１２Ｈ（３Ｆ）
36863,１２Ｈ（３Ｆ）
36864,１２Ｈ（３Ｆ）
36779,１２Ｈ（３Ｆ）
36861,１２Ｈ（３Ｆ）
36865,１２Ｈ（３Ｆ）
38480,１２Ｈ（３Ｆ）
37499,１２Ｈ（３Ｆ）
37502,１２Ｈ（３Ｆ）
37503,１２Ｈ（３Ｆ）
37504,１２Ｈ（３Ｆ）
37505,１２Ｈ（３Ｆ）
37506,１２Ｈ（３Ｆ）
37507,１２Ｈ（３Ｆ）
37508,１２Ｈ（３Ｆ）
37509,１２Ｈ（３Ｆ）
37510,１２Ｈ（３Ｆ）
35911,１２Ｈ（３Ｆ）
37530,休み（カート１）
36729,１２Ｈ（３Ｆ）
36730,１２Ｈ（３Ｆ）
36731,１２Ｈ（３Ｆ）
58068,１２Ｈ（３Ｆ）
58069,休み（カート１）
58070,１２Ｈ（３Ｆ）
58071,１２Ｈ（３Ｆ）
58072,１２Ｈ（３Ｆ）
36674,１２Ｈ（３Ｆ）
36675,１２Ｈ（３Ｆ）
36676,１２Ｈ（３Ｆ）
36677,１２Ｈ（３Ｆ）
36678,１２Ｈ（３Ｆ）
36679,１２Ｈ（３Ｆ）
36713,１２Ｈ（３Ｆ）
36714,１２Ｈ（３Ｆ）
36715,１２Ｈ（３Ｆ）
36716,１２Ｈ（３Ｆ）
29327,１２Ｈ（３Ｆ）
36709,１２Ｈ（３Ｆ）
36710,１２Ｈ（３Ｆ）
36711,１２Ｈ（３Ｆ）
36712,１２Ｈ（３Ｆ）
56641,１２Ｈ（３Ｆ）
56642,１２Ｈ（３Ｆ）
56643,１２Ｈ（３Ｆ）
56644,１２Ｈ（３Ｆ）
56660,１２Ｈ（３Ｆ）
56661,１２Ｈ（３Ｆ）
56687,１２Ｈ（３Ｆ）
36753,１２Ｈ（３Ｆ）
36754,１２Ｈ（３Ｆ）
36417,１２Ｈ（３Ｆ）
36013,１２Ｈ（３Ｆ）
36015,１２Ｈ（３Ｆ）
36175,休み（カート１）
36111,休み（カート１）
54091,１２Ｈ（３Ｆ）
36367,１２Ｈ（３Ｆ）
37183,１２Ｈ（３Ｆ）
36300,１２Ｈ（３Ｆ）
35949,１２Ｈ（３Ｆ）
35738,１２Ｈ（３Ｆ）
35739,休み（カート１）
35735,１２Ｈ（３Ｆ）
35721,１２Ｈ（３Ｆ）
35934,１２Ｈ（３Ｆ）
35339,１２Ｈ（３Ｆ）
35877,１２Ｈ（３Ｆ）
35951,１２Ｈ（３Ｆ）
37238,１２Ｈ（３Ｆ）
47449,１２Ｈ（３Ｆ）
47450,１２Ｈ（３Ｆ）
37239,１２Ｈ（３Ｆ）
35295,１２Ｈ（３Ｆ）
35732,１２Ｈ（３Ｆ）
35733,１２Ｈ（３Ｆ）
56537,１２Ｈ（３Ｆ）
35205,２４Ｈ（１Ｆ）
35209,２４Ｈ（１Ｆ）
35104,１２Ｈ（３Ｆ）
47458,１２Ｈ（３Ｆ）
37926,２４Ｈ（１Ｆ）
21444,１２Ｈ（３Ｆ）
35156,１２Ｈ（３Ｆ）
35157,１２Ｈ（３Ｆ）
35158,１２Ｈ（３Ｆ）
35159,２４Ｈ（ボウリング）
35224,１２Ｈ（３Ｆ）
53902,１２Ｈ（３Ｆ）
35167,２４Ｈ（ボウリング）
35169,休み（カート１）
35170,１２Ｈ（３Ｆ）
35171,休み（カート１）
35172,１２Ｈ（３Ｆ）
37792,１２Ｈ２Ｆ
37793,１２Ｈ２Ｆ
38918,１２Ｈ２Ｆ
38919,１２Ｈ２Ｆ
45603,１２Ｈ３Ｆ
48382,１２Ｈ２Ｆ
48383,１２Ｈ２Ｆ
48384,１２Ｈ２Ｆ
48385,１２Ｈ２Ｆ
38287,１２Ｈ２Ｆ
38288,１２Ｈ２Ｆ
38084,１２Ｈ２Ｆ
38085,１２Ｈ２Ｆ
37957,１２Ｈ２Ｆ
37958,１２Ｈ２Ｆ
38885,１２Ｈ３Ｆ
38886,１２Ｈ３Ｆ
38887,１２Ｈ３Ｆ
38888,１２Ｈ３Ｆ
46641,１２Ｈ３Ｆ
38729,１２Ｈ３Ｆ
57453,１２Ｈ２Ｆ
57454,１２Ｈ２Ｆ
57455,１２Ｈ２Ｆ
57456,１２Ｈ２Ｆ
57457,１２Ｈ２Ｆ
57458,１２Ｈ２Ｆ
57459,１２Ｈ２Ｆ
57460,１２Ｈ２Ｆ
25815,１２Ｈ２Ｆ
25818,１２Ｈ２Ｆ
38121,１２Ｈ２Ｆ
38182,１２Ｈ２Ｆ
38130,１２Ｈ２Ｆ
45386,１２Ｈ２Ｆ
45387,１２Ｈ２Ｆ
45388,１２Ｈ２Ｆ
45389,１２Ｈ２Ｆ
45391,１２Ｈ２Ｆ
38209,１２Ｈ２Ｆ
38210,１２Ｈ２Ｆ
38211,１２Ｈ２Ｆ
30912,１２Ｈ２Ｆ
37666,１２Ｈ２Ｆ
37668,１２Ｈ２Ｆ
38188,１２Ｈ２Ｆ
52935,１２Ｈ２Ｆ
52936,１２Ｈ２Ｆ
52937,１２Ｈ２Ｆ
52938,１２Ｈ２Ｆ
37797,１２Ｈ２Ｆ
37798,１２Ｈ２Ｆ
37799,１２Ｈ２Ｆ
37800,１２Ｈ２Ｆ
53494,１２Ｈ２Ｆ
53495,１２Ｈ２Ｆ
53496,１２Ｈ２Ｆ
53497,１２Ｈ２Ｆ
53498,１２Ｈ２Ｆ
53499,１２Ｈ２Ｆ
53500,１２Ｈ２Ｆ
53501,１２Ｈ２Ｆ
53502,１２Ｈ２Ｆ
53503,１２Ｈ２Ｆ
53504,１２Ｈ２Ｆ
53505,１２Ｈ２Ｆ
53506,１２Ｈ２Ｆ
53507,１２Ｈ２Ｆ
53508,１２Ｈ２Ｆ
53509,１２Ｈ２Ｆ
53396,１２Ｈ２Ｆ
53397,１２Ｈ２Ｆ
53826,１２Ｈ３Ｆ
53827,１２Ｈ３Ｆ
53828,１２Ｈ３Ｆ
53829,１２Ｈ３Ｆ
21210,１２Ｈ２Ｆ
37569,１２Ｈ２Ｆ
37570,１２Ｈ２Ｆ
37571,１２Ｈ２Ｆ
37572,１２Ｈ２Ｆ
59089,１２Ｈ２Ｆ
59090,１２Ｈ２Ｆ
59091,１２Ｈ２Ｆ
59092,１２Ｈ２Ｆ
37421,１２Ｈ２Ｆ
50246,１２Ｈ２Ｆ
50247,１２Ｈ２Ｆ
50248,１２Ｈ２Ｆ
50249,１２Ｈ２Ｆ
50250,１２Ｈ２Ｆ
50251,１２Ｈ２Ｆ
50252,１２Ｈ２Ｆ
50253,１２Ｈ２Ｆ
20512,１２Ｈ２Ｆ
20513,１２Ｈ２Ｆ
20514,１２Ｈ２Ｆ
20515,１２Ｈ２Ｆ
37626,１２Ｈ２Ｆ
37627,１２Ｈ２Ｆ
37628,１２Ｈ２Ｆ
37959,１２Ｈ２Ｆ
35416,１２Ｈ２Ｆ
35966,１２Ｈ２Ｆ
35725,１２Ｈ２Ｆ
35824,１２Ｈ２Ｆ
37971,１２Ｈ２Ｆ
37965,１２Ｈ２Ｆ
35841,１２Ｈ２Ｆ
37966,１２Ｈ２Ｆ
35907,１２Ｈ２Ｆ
35388,１２Ｈ２Ｆ
35362,１２Ｈ２Ｆ
37964,１２Ｈ２Ｆ
37954,１２Ｈ２Ｆ
35878,１２Ｈ２Ｆ
35726,１２Ｈ２Ｆ
38632,１２Ｈ２Ｆ
38633,１２Ｈ２Ｆ
22743,１２Ｈ２Ｆ
22806,１２Ｈ２Ｆ
55801,１２Ｈ２Ｆ
36086,１２Ｈ２Ｆ
37268,１２Ｈ２Ｆ
37180,１２Ｈ２Ｆ
36431,１２Ｈ２Ｆ
36430,１２Ｈ２Ｆ
36324,１２Ｈ２Ｆ
37181,１２Ｈ２Ｆ
36418,１２Ｈ２Ｆ
37270,１２Ｈ２Ｆ
36366,１２Ｈ２Ｆ
36296,１２Ｈ２Ｆ
36315,１２Ｈ２Ｆ
37477,１２Ｈ２Ｆ
36307,１２Ｈ２Ｆ
37252,１２Ｈ２Ｆ
50588,１２Ｈ３Ｆ
50589,１２Ｈ３Ｆ
35604,１２Ｈ３Ｆ
35605,１２Ｈ３Ｆ
35606,１２Ｈ３Ｆ
35607,１２Ｈ３Ｆ
35608,１２Ｈ３Ｆ
35609,１２Ｈ３Ｆ
35610,１２Ｈ３Ｆ
35611,１２Ｈ３Ｆ
35612,１２Ｈ３Ｆ
35613,１２Ｈ３Ｆ
50960,１２Ｈ３Ｆ
50961,１２Ｈ３Ｆ
50962,１２Ｈ３Ｆ
50963,１２Ｈ３Ｆ
50964,１２Ｈ３Ｆ
50965,１２Ｈ３Ｆ
50966,１２Ｈ３Ｆ
50967,１２Ｈ３Ｆ
50968,１２Ｈ３Ｆ
50969,１２Ｈ３Ｆ
50970,１２Ｈ３Ｆ
50971,１２Ｈ３Ｆ
50972,１２Ｈ３Ｆ
50973,１２Ｈ３Ｆ
50974,１２Ｈ３Ｆ
50975,１２Ｈ３Ｆ
50976,１２Ｈ３Ｆ
50977,１２Ｈ３Ｆ
50978,１２Ｈ３Ｆ
50979,１２Ｈ３Ｆ
54470,１２Ｈ３Ｆ
54471,１２Ｈ３Ｆ
52849,１２Ｈ３Ｆ
52850,１２Ｈ３Ｆ
56375,１２Ｈ３Ｆ
56376,１２Ｈ３Ｆ
56377,１２Ｈ３Ｆ
56378,１２Ｈ３Ｆ
35844,１２Ｈ３Ｆ
39938,１２Ｈ３Ｆ
52039,１２Ｈ３Ｆ
39950,１２Ｈ３Ｆ
35915,１２Ｈ３Ｆ
35916,１２Ｈ３Ｆ
39723,１２Ｈ３Ｆ
39725,１２Ｈ３Ｆ
32881,１２Ｈ３Ｆ
32882,１２Ｈ３Ｆ
35973,１２Ｈ３Ｆ
39726,１２Ｈ３Ｆ
47725,１２Ｈ３Ｆ
47726,１２Ｈ３Ｆ
36019,１２Ｈ３Ｆ
36023,１２Ｈ３Ｆ
57591,１２Ｈ３Ｆ
36393,１２Ｈ３Ｆ
36394,１２Ｈ３Ｆ
36395,１２Ｈ３Ｆ
36396,１２Ｈ３Ｆ
51585,１２Ｈ３Ｆ
55174,１２Ｈ３Ｆ
55186,１２Ｈ３Ｆ
36457,１２Ｈ３Ｆ
36465,１２Ｈ３Ｆ
36477,１２Ｈ３Ｆ
36496,１２Ｈ３Ｆ
59400,１２Ｈ３Ｆ
59401,１２Ｈ３Ｆ
59402,１２Ｈ３Ｆ
59403,１２Ｈ３Ｆ
56702,１２Ｈ３Ｆ
56703,１２Ｈ３Ｆ
56704,１２Ｈ３Ｆ
56705,１２Ｈ３Ｆ
56701,１２Ｈ３Ｆ
35173,１２Ｈ３Ｆ
35174,１２Ｈ３Ｆ
35175,１２Ｈ３Ｆ
35176,１２Ｈ３Ｆ
55636,１２Ｈ３Ｆ
55637,１２Ｈ３Ｆ
55616,１２Ｈ３Ｆ
52344,１２Ｈ３Ｆ
52345,１２Ｈ３Ｆ
52346,１２Ｈ３Ｆ
52347,１２Ｈ３Ｆ
52991,１２Ｈ３Ｆ
52992,１２Ｈ３Ｆ
52993,１２Ｈ３Ｆ
52994,１２Ｈ３Ｆ
52299,１２Ｈ３Ｆ
52990,１２Ｈ３Ｆ
36510,１２Ｈ３Ｆ
36511,１２Ｈ３Ｆ
40651,１２Ｈ３Ｆ
40652,１２Ｈ３Ｆ
45652,１２Ｈ３Ｆ
45653,１２Ｈ３Ｆ
51026,１２Ｈ３Ｆ
56829,１２Ｈ３Ｆ
56830,１２Ｈ３Ｆ
56831,１２Ｈ３Ｆ
36561,１２Ｈ３Ｆ
36580,１２Ｈ３Ｆ
35287,１２Ｈ３Ｆ
35288,１２Ｈ３Ｆ
36582,１２Ｈ３Ｆ
36600,１２Ｈ３Ｆ
39557,１２Ｈ３Ｆ
34965,１２Ｈ３Ｆ
46845,１２Ｈ３Ｆ
46817,１２Ｈ２Ｆ
46818,１２Ｈ２Ｆ
46819,１２Ｈ２Ｆ
46820,１２Ｈ２Ｆ
46821,１２Ｈ２Ｆ
57557,１２Ｈ３Ｆ
52809,１２Ｈ３Ｆ
58579,１２Ｈ３Ｆ
50644,１２Ｈ３Ｆ
55242,１２Ｈ３Ｆ
51021,１２Ｈ３Ｆ
49003,１２Ｈ３Ｆ
49968,１２Ｈ３Ｆ
49005,１２Ｈ３Ｆ
49969,１２Ｈ３Ｆ
50699,１２Ｈ３Ｆ
50700,１２Ｈ３Ｆ
36257,１２Ｈ３Ｆ
36258,１２Ｈ３Ｆ
36252,１２Ｈ３Ｆ
51016,１２Ｈ３Ｆ
51017,１２Ｈ３Ｆ
36948,１２Ｈ３Ｆ
35830,１２Ｈ２Ｆ
51005,１２Ｈ２Ｆ
48807,１２Ｈ２Ｆ
46320,１２Ｈ２Ｆ
56036,１２Ｈ２Ｆ
50908,１２Ｈ２Ｆ
50909,１２Ｈ２Ｆ
39444,１２Ｈ２Ｆ
39445,１２Ｈ２Ｆ
37461,１２Ｈ２Ｆ
37463,１２Ｈ２Ｆ
37464,１２Ｈ２Ｆ
50715,１２Ｈ２Ｆ
58981,１２Ｈ３Ｆ
48075,１２Ｈ３Ｆ
48076,１２Ｈ３Ｆ
54024,１２Ｈ３Ｆ
58380,１２Ｈ３Ｆ
49945,１２Ｈ３Ｆ
50354,１２Ｈ２Ｆ
56500,１２Ｈ２Ｆ
33785,１２Ｈ２Ｆ
36338,１２Ｈ２Ｆ
36339,１２Ｈ２Ｆ
39727,休み
52644,１２Ｈ３Ｆ
52645,１２Ｈ３Ｆ
52646,１２Ｈ３Ｆ
52647,１２Ｈ３Ｆ
52648,１２Ｈ３Ｆ
52649,１２Ｈ３Ｆ
52650,１２Ｈ３Ｆ
52651,１２Ｈ３Ｆ
52762,１２Ｈ３Ｆ
54860,１２Ｈ２Ｆ
54861,１２Ｈ２Ｆ
54862,１２Ｈ２Ｆ
54863,１２Ｈ２Ｆ
54824,１２Ｈ２Ｆ
55068,１２Ｈ３Ｆ
55069,１２Ｈ３Ｆ
55070,１２Ｈ３Ｆ
55206,１２Ｈ３Ｆ
55207,１２Ｈ３Ｆ
55208,１２Ｈ３Ｆ
55032,１２Ｈ３Ｆ
55217,１２Ｈ３Ｆ
52899,１２Ｈ２Ｆ
52900,１２Ｈ２Ｆ
48279,１２Ｈ３Ｆ
48280,１２Ｈ３Ｆ
48281,１２Ｈ３Ｆ
49746,１２Ｈ３Ｆ
49747,１２Ｈ３Ｆ
49748,１２Ｈ３Ｆ
48255,１２Ｈ３Ｆ
49745,１２Ｈ３Ｆ
46572,１２Ｈ３Ｆ
46573,１２Ｈ３Ｆ
46574,１２Ｈ３Ｆ
46575,１２Ｈ３Ｆ
51022,１２Ｈ３Ｆ
51023,１２Ｈ３Ｆ
51024,１２Ｈ３Ｆ
51025,１２Ｈ３Ｆ
46535,１２Ｈ３Ｆ
48641,１２Ｈ３Ｆ
48642,１２Ｈ３Ｆ
48643,１２Ｈ３Ｆ
48644,１２Ｈ３Ｆ
48604,１２Ｈ３Ｆ
36051,１２Ｈ２Ｆ
57229,１２Ｈ３Ｆ
57335,１２Ｈ２Ｆ
52434,１２Ｈ３Ｆ
36213,１２Ｈ３Ｆ
36210,１２Ｈ２Ｆ
36212,１２Ｈ２Ｆ
36211,１２Ｈ３Ｆ
40001,１２Ｈ３Ｆ
52144,１２Ｈ３Ｆ
52145,１２Ｈ３Ｆ
37192,１２Ｈ２Ｆ
39858,１２Ｈ２Ｆ
35965,１２Ｈ２Ｆ
36287,１２Ｈ２Ｆ
36620,１２Ｈ２Ｆ
37329,１２Ｈ２Ｆ
37312,１２Ｈ２Ｆ
37261,１２Ｈ２Ｆ
37471,１２Ｈ２Ｆ
47037,１２Ｈ２Ｆ
47041,１２Ｈ２Ｆ
46995,１２Ｈ２Ｆ
47005,１２Ｈ２Ｆ
47066,１２Ｈ２Ｆ
47068,１２Ｈ２Ｆ
36671,１２Ｈ２Ｆ
49817,１２Ｈ２Ｆ
56468,１２Ｈ２Ｆ
37391,１２Ｈ２Ｆ
45669,１２Ｈ２Ｆ
39916,１２Ｈ２Ｆ
39928,１２Ｈ２Ｆ
39917,１２Ｈ２Ｆ
36648,１２Ｈ２Ｆ
36649,１２Ｈ２Ｆ
47097,１２Ｈ２Ｆ
36664,１２Ｈ２Ｆ
36665,１２Ｈ２Ｆ
37178,１２Ｈ２Ｆ
57379,１２Ｈ２Ｆ
37515,休み
37522,１２Ｈ２Ｆ
30540,休み
37528,１２Ｈ２Ｆ
36690,１２Ｈ２Ｆ
36693,１２Ｈ２Ｆ
36695,１２Ｈ２Ｆ
37386,１２Ｈ２Ｆ
37387,１２Ｈ２Ｆ
49818,１２Ｈ２Ｆ
49819,１２Ｈ２Ｆ
49820,１２Ｈ２Ｆ
49821,１２Ｈ２Ｆ
49823,１２Ｈ２Ｆ
49824,１２Ｈ２Ｆ
49825,１２Ｈ２Ｆ
49826,１２Ｈ２Ｆ
56680,１２Ｈ２Ｆ
56681,１２Ｈ２Ｆ
56682,１２Ｈ２Ｆ
56683,１２Ｈ２Ｆ
54089,１２Ｈ２Ｆ
54096,１２Ｈ２Ｆ
49850,１２Ｈ２Ｆ
49853,１２Ｈ２Ｆ
56535,１２Ｈ２Ｆ
35203,１２Ｈ３Ｆ
39365,１２Ｈ３Ｆ
48103,１２Ｈ２Ｆ
51099,１２Ｈ２Ｆ
47176,１２Ｈ２Ｆ
35116,１２Ｈ３Ｆ
35117,１２Ｈ３Ｆ
35118,１２Ｈ２Ｆ
35160,１２Ｈ３Ｆ
35161,１２Ｈ２Ｆ
48404,１２Ｈ（地下）
48406,１２Ｈ（地下）
38907,１２Ｈ（地下）
38908,１２Ｈ（地下）
39596,１２Ｈ（地下）
39597,１２Ｈ（地下）
46647,１２Ｈ（地下）
39577,１２Ｈ（地下）
57525,１２Ｈ（地下）
57526,１２Ｈ（地下）
57527,１２Ｈ（地下）
57528,１２Ｈ（地下）
57529,１２Ｈ（地下）
57530,１２Ｈ（地下）
57531,１２Ｈ（地下）
57532,１２Ｈ（地下）
38136,１２Ｈ（地下）
57273,１２Ｈ（地下）
57274,１２Ｈ（地下）
57275,１２Ｈ（地下）
57276,１２Ｈ（地下）
57288,１２Ｈ（地下）
57299,１２Ｈ（地下）
57300,１２Ｈ（地下）
57301,１２Ｈ（地下）
53562,１２Ｈ（地下）
53563,１２Ｈ（地下）
53564,１２Ｈ（地下）
53565,１２Ｈ（地下）
53566,１２Ｈ（地下）
53567,１２Ｈ（地下）
53568,１２Ｈ（地下）
53569,１２Ｈ（地下）
53570,１２Ｈ（地下）
53571,１２Ｈ（地下）
53572,１２Ｈ（地下）
53573,１２Ｈ（地下）
53406,１２Ｈ（地下）
53407,１２Ｈ（地下）
59101,１２Ｈ（地下）
59102,１２Ｈ（地下）
59103,１２Ｈ（地下）
59104,１２Ｈ（地下）
38335,１２Ｈ（地下）
38329,１２Ｈ（地下）
38333,１２Ｈ（地下）
38330,１２Ｈ（地下）
38331,１２Ｈ（地下）
38332,１２Ｈ（地下）
38334,１２Ｈ（地下）
38336,１２Ｈ（地下）
35876,１２Ｈ（地下）
35957,１２Ｈ（地下）
35894,１２Ｈ（地下）
35883,１２Ｈ（地下）
35678,１２Ｈ（地下）
35828,１２Ｈ（地下）
35423,１２Ｈ（地下）
35394,１２Ｈ（地下）
38325,１２Ｈ（地下）
38328,１２Ｈ（地下）
38326,１２Ｈ（地下）
38327,１２Ｈ（地下）
38323,１２Ｈ（地下）
38324,１２Ｈ（地下）
55805,１２Ｈ（地下）
36097,１２Ｈ（地下）
37259,１２Ｈ（地下）
36373,１２Ｈ（地下）
36436,１２Ｈ（地下）
37285,１２Ｈ（地下）
35996,１２Ｈ（地下）
50604,１２Ｈ（１Ｆ）
50605,１２Ｈ（１Ｆ）
50606,１２Ｈ（１Ｆ）
50607,１２Ｈ（１Ｆ）
35367,１２Ｈ（１Ｆ）
35368,１２Ｈ（１Ｆ）
35396,１２Ｈ（地下）
35397,１２Ｈ（地下）
35398,１２Ｈ（地下）
35399,１２Ｈ（地下）
35400,１２Ｈ（１Ｆ）
35401,１２Ｈ（１Ｆ）
35402,１２Ｈ（地下）
35403,１２Ｈ（地下）
35404,１２Ｈ（地下）
35405,１２Ｈ（地下）
35406,１２Ｈ（地下）
35407,１２Ｈ（地下）
35408,１２Ｈ（地下）
35409,１２Ｈ（地下）
35410,１２Ｈ（地下）
35411,１２Ｈ（地下）
35412,１２Ｈ（１Ｆ）
35413,１２Ｈ（地下）
31438,１２Ｈ（１Ｆ）
31439,１２Ｈ（１Ｆ）
31440,１２Ｈ（１Ｆ）
31441,１２Ｈ（１Ｆ）
31442,１２Ｈ（１Ｆ）
31443,１２Ｈ（１Ｆ）
31444,１２Ｈ（１Ｆ）
31445,１２Ｈ（１Ｆ）
35594,１２Ｈ（１Ｆ）
35595,１２Ｈ（１Ｆ）
35596,１２Ｈ（１Ｆ）
35597,１２Ｈ（地下）
35598,１２Ｈ（１Ｆ）
35599,１２Ｈ（１Ｆ）
36115,１２Ｈ（１Ｆ）
36116,１２Ｈ（１Ｆ）
36117,１２Ｈ（１Ｆ）
36129,１２Ｈ（１Ｆ）
36130,１２Ｈ（１Ｆ）
36132,１２Ｈ（１Ｆ）
36178,１２Ｈ（１Ｆ）
36179,１２Ｈ（１Ｆ）
36875,１２Ｈ（１Ｆ）
39645,１２Ｈ（１Ｆ）
39646,１２Ｈ（１Ｆ）
47546,１２Ｈ（１Ｆ）
47547,１２Ｈ（１Ｆ）
54249,１２Ｈ（１Ｆ）
54250,１２Ｈ（１Ｆ）
54251,１２Ｈ（地下）
54252,１２Ｈ（地下）
54478,１２Ｈ（１Ｆ）
54479,１２Ｈ（１Ｆ）
50779,１２Ｈ（１Ｆ）
50780,１２Ｈ（１Ｆ）
50781,１２Ｈ（１Ｆ）
50782,１２Ｈ（１Ｆ）
52066,１２Ｈ（１Ｆ）
52067,１２Ｈ（１Ｆ）
52861,１２Ｈ（１Ｆ）
52862,１２Ｈ（１Ｆ）
53049,１２Ｈ（１Ｆ）
53050,１２Ｈ（１Ｆ）
53955,１２Ｈ（１Ｆ）
53956,１２Ｈ（１Ｆ）
56393,１２Ｈ（地下）
56394,１２Ｈ（１Ｆ）
56395,１２Ｈ（地下）
56396,１２Ｈ（１Ｆ）
56397,１２Ｈ（１Ｆ）
56398,１２Ｈ（１Ｆ）
56399,１２Ｈ（１Ｆ）
56400,１２Ｈ（１Ｆ）
56409,１２Ｈ（１Ｆ）
56410,１２Ｈ（１Ｆ）
35696,１２Ｈ（１Ｆ）
35697,１２Ｈ（１Ｆ）
35699,１２Ｈ（１Ｆ）
35700,１２Ｈ（１Ｆ）
35701,１２Ｈ（１Ｆ）
35702,１２Ｈ（１Ｆ）
35703,１２Ｈ（１Ｆ）
35704,１２Ｈ（１Ｆ）
35705,１２Ｈ（１Ｆ）
35706,１２Ｈ（１Ｆ）
35707,１２Ｈ（１Ｆ）
35708,１２Ｈ（１Ｆ）
35709,１２Ｈ（１Ｆ）
35710,１２Ｈ（１Ｆ）
35711,１２Ｈ（１Ｆ）
35712,１２Ｈ（１Ｆ）
35713,１２Ｈ（１Ｆ）
35714,１２Ｈ（１Ｆ）
35715,１２Ｈ（１Ｆ）
35716,１２Ｈ（１Ｆ）
35717,１２Ｈ（１Ｆ）
35718,１２Ｈ（１Ｆ）
35814,１２Ｈ（１Ｆ）
35815,１２Ｈ（１Ｆ）
35816,１２Ｈ（１Ｆ）
59597,１２Ｈ（１Ｆ）
35873,１２Ｈ（１Ｆ）
47596,１２Ｈ（１Ｆ）
52046,１２Ｈ（１Ｆ）
52047,１２Ｈ（１Ｆ）
35664,１２Ｈ（１Ｆ）
47727,１２Ｈ（１Ｆ）
47728,１２Ｈ（１Ｆ）
35675,１２Ｈ（１Ｆ）
59193,１２Ｈ（１Ｆ）
59194,１２Ｈ（１Ｆ）
59195,１２Ｈ（１Ｆ）
59196,１２Ｈ（１Ｆ）
59197,１２Ｈ（１Ｆ）
59198,１２Ｈ（１Ｆ）
57596,１２Ｈ（１Ｆ）
36411,１２Ｈ（地下）
36414,１２Ｈ（地下）
51592,１２Ｈ（地下）
55181,１２Ｈ（地下）
36456,１２Ｈ（地下）
36463,１２Ｈ（地下）
36491,１２Ｈ（地下）
39259,１２Ｈ（地下）
59422,１２Ｈ（地下）
59423,１２Ｈ（地下）
59424,１２Ｈ（地下）
59425,１２Ｈ（地下）
55773,１２Ｈ（地下）
55774,１２Ｈ（地下）
55775,１２Ｈ（地下）
55776,１２Ｈ（地下）
55755,１２Ｈ（地下）
35195,１２Ｈ（地下）
35198,１２Ｈ（地下）
55668,１２Ｈ（地下）
55669,１２Ｈ（地下）
55670,１２Ｈ（地下）
55624,１２Ｈ（地下）
55625,１２Ｈ（地下）
52374,１２Ｈ（地下）
52375,１２Ｈ（地下）
52376,１２Ｈ（地下）
52377,１２Ｈ（地下）
52308,１２Ｈ（地下）
36525,１２Ｈ（地下）
40671,１２Ｈ（地下）
40672,１２Ｈ（地下）
40673,１２Ｈ（地下）
40674,１２Ｈ（地下）
36538,１２Ｈ（地下）
56846,１２Ｈ（地下）
56847,１２Ｈ（地下）
56848,１２Ｈ（地下）
27424,１２Ｈ（地下）
36558,１２Ｈ（地下）
36601,１２Ｈ（１Ｆ）
36603,１２Ｈ（１Ｆ）
36604,１２Ｈ（１Ｆ）
36605,１２Ｈ（１Ｆ）
34967,１２Ｈ（１Ｆ）
58294,１２Ｈ（１Ｆ）
56699,１２Ｈ（１Ｆ）
52810,１２Ｈ（１Ｆ）
51615,１２Ｈ（１Ｆ）
58581,１２Ｈ（１Ｆ）
50646,１２Ｈ（１Ｆ）
55243,１２Ｈ（１Ｆ）
53909,休み
58822,１２Ｈ（１Ｆ）
51630,１２Ｈ（地下）
51631,１２Ｈ（地下）
51629,１２Ｈ（地下）
37426,１２Ｈ（地下）
37538,１２Ｈ（地下）
37451,１２Ｈ（地下）
50926,１２Ｈ（地下）
45676,１２Ｈ（地下）
48443,１２Ｈ（地下）
55959,１２Ｈ（地下）
55960,１２Ｈ（地下）
58983,１２Ｈ（地下）
51821,１２Ｈ（地下）
48022,１２Ｈ（地下）
48023,１２Ｈ（地下）
48024,１２Ｈ（地下）
58385,１２Ｈ（地下）
49946,１２Ｈ（地下）
36360,１２Ｈ（地下）
36361,１２Ｈ（地下）
36362,１２Ｈ（地下）
52668,１２Ｈ（地下）
52669,１２Ｈ（地下）
52670,１２Ｈ（地下）
52671,１２Ｈ（地下）
52672,１２Ｈ（地下）
52673,１２Ｈ（地下）
52768,１２Ｈ（地下）
55086,１２Ｈ（地下）
55087,１２Ｈ（地下）
55088,１２Ｈ（地下）
55097,１２Ｈ（地下）
55212,１２Ｈ（地下）
55213,１２Ｈ（地下）
55038,１２Ｈ（地下）
55219,１２Ｈ（地下）
39540,１２Ｈ（地下）
48318,１２Ｈ（地下）
48319,１２Ｈ（地下）
48320,１２Ｈ（地下）
48261,１２Ｈ（地下）
46596,１２Ｈ（地下）
46597,１２Ｈ（地下）
46598,１２Ｈ（地下）
46599,１２Ｈ（地下）
46541,１２Ｈ（地下）
48671,１２Ｈ（地下）
48672,１２Ｈ（地下）
48673,１２Ｈ（地下）
48674,１２Ｈ（地下）
48610,１２Ｈ（地下）
57235,１２Ｈ（地下）
59213,１２Ｈ（地下）
52440,１２Ｈ（地下）
34702,１２Ｈ（地下）
38397,１２Ｈ（地下）
38398,１２Ｈ（地下）
52154,１２Ｈ（地下）
52155,１２Ｈ（地下）
36098,１２Ｈ（１Ｆ）
36856,１２Ｈ（地下）
37548,１２Ｈ（地下）
37552,１２Ｈ（地下）
37339,１２Ｈ（地下）
37327,１２Ｈ（地下）
36630,１２Ｈ（地下）
36749,１２Ｈ（地下）
36836,１２Ｈ（地下）
36847,１２Ｈ（地下）
36803,１２Ｈ（地下）
36851,１２Ｈ（地下）
37251,１２Ｈ（地下）
37293,１２Ｈ（地下）
57380,１２Ｈ（地下）
37512,１２Ｈ（地下）
37534,１２Ｈ（地下）
54094,１２Ｈ（地下）
35207,１２Ｈ（地下）
39381,１２Ｈ（地下）
33419,１２Ｈ（１Ｆ）
33753,１２Ｈ（地下）
35142,１２Ｈ（１Ｆ）
35143,１２Ｈ（１Ｆ）
35144,１２Ｈ（１Ｆ）
35145,１２Ｈ（１Ｆ）
35146,１２Ｈ（１Ｆ）
35147,１２Ｈ（地下）
35148,１２Ｈ（地下）
35223,１２Ｈ（地下）
53899,１２Ｈ（地下）
37788,１２Ｈ（１Ｆ）
37790,１２Ｈ（１Ｆ）
31810,１２Ｈ（２Ｆ）
38916,１２Ｈ（２Ｆ）
37795,１２Ｈ（１Ｆ）
38285,１２Ｈ（１Ｆ）
48388,１２Ｈ（１Ｆ）
48389,１２Ｈ（１Ｆ）
37946,１２Ｈ（１Ｆ）
38889,１２Ｈ（１Ｆ）
38890,１２Ｈ（１Ｆ）
38891,１２Ｈ（１Ｆ）
38892,１２Ｈ（１Ｆ）
39776,１２Ｈ（１Ｆ）
39777,１２Ｈ（１Ｆ）
46642,１２Ｈ（１Ｆ）
38730,１２Ｈ（１Ｆ）
38036,休み
38037,休み
38038,休み
38039,休み
57461,１２Ｈ（１Ｆ）
57462,１２Ｈ（１Ｆ）
57463,１２Ｈ（１Ｆ）
57464,１２Ｈ（１Ｆ）
38164,１２Ｈ（１Ｆ）
38132,１２Ｈ（１Ｆ）
38120,１２Ｈ（１Ｆ）
38286,１２Ｈ（１Ｆ）
38290,１２Ｈ（１Ｆ）
37671,１２Ｈ（１Ｆ）
38137,１２Ｈ（１Ｆ）
38139,１２Ｈ（１Ｆ）
54195,１２Ｈ（１Ｆ）
54196,１２Ｈ（１Ｆ）
54197,１２Ｈ（１Ｆ）
54198,１２Ｈ（１Ｆ）
57653,１２Ｈ（１Ｆ）
58227,１２Ｈ（１Ｆ）
53510,１２Ｈ（１Ｆ）
53511,１２Ｈ（１Ｆ）
53512,１２Ｈ（１Ｆ）
53513,１２Ｈ（１Ｆ）
53514,１２Ｈ（１Ｆ）
53515,１２Ｈ（１Ｆ）
53516,１２Ｈ（１Ｆ）
53517,１２Ｈ（１Ｆ）
53518,１２Ｈ（１Ｆ）
53519,１２Ｈ（１Ｆ）
53520,１２Ｈ（１Ｆ）
53521,１２Ｈ（１Ｆ）
53398,１２Ｈ（１Ｆ）
53399,１２Ｈ（１Ｆ）
53832,１２Ｈ（１Ｆ）
53833,１２Ｈ（１Ｆ）
53871,１２Ｈ（１Ｆ）
54484,１２Ｈ（１Ｆ）
54485,１２Ｈ（１Ｆ）
21595,１２Ｈ（１Ｆ）
35385,１２Ｈ（１Ｆ）
37576,１２Ｈ（１Ｆ）
37577,１２Ｈ（１Ｆ）
37580,１２Ｈ（１Ｆ）
59137,１２Ｈ（１Ｆ）
59138,１２Ｈ（１Ｆ）
59139,１２Ｈ（１Ｆ）
59140,１２Ｈ（１Ｆ）
37649,１２Ｈ（２Ｆ）
50258,１２Ｈ（２Ｆ）
50259,１２Ｈ（２Ｆ）
37650,１２Ｈ（２Ｆ）
37651,１２Ｈ（２Ｆ）
37652,１２Ｈ（２Ｆ）
37653,１２Ｈ（２Ｆ）
37654,１２Ｈ（２Ｆ）
37655,１２Ｈ（２Ｆ）
35829,１２Ｈ（２Ｆ）
35910,１２Ｈ（２Ｆ）
35642,１２Ｈ（２Ｆ）
35602,１２Ｈ（２Ｆ）
35424,１２Ｈ（２Ｆ）
35879,１２Ｈ（２Ｆ）
35727,１２Ｈ（２Ｆ）
35853,１２Ｈ（２Ｆ）
35389,１２Ｈ（２Ｆ）
35666,１２Ｈ（２Ｆ）
35967,１２Ｈ（２Ｆ）
55802,１２Ｈ（２Ｆ）
37240,１２Ｈ（２Ｆ）
37710,１２Ｈ（２Ｆ）
37711,１２Ｈ（２Ｆ）
36316,１２Ｈ（２Ｆ）
37253,１２Ｈ（２Ｆ）
37701,１２Ｈ（２Ｆ）
37280,１２Ｈ（２Ｆ）
37254,１２Ｈ（２Ｆ）
36055,１２Ｈ（２Ｆ）
36375,１２Ｈ（２Ｆ）
37282,１２Ｈ（２Ｆ）
36433,１２Ｈ（２Ｆ）
36064,１２Ｈ（２Ｆ）
37475,１２Ｈ（２Ｆ）
37211,１２Ｈ（２Ｆ）
50590,１２Ｈ（１Ｆ）
51978,１２Ｈ（１Ｆ）
51979,１２Ｈ（１Ｆ）
51980,１２Ｈ（１Ｆ）
35349,１２Ｈ（１Ｆ）
32237,１２Ｈ（１Ｆ）
30127,１２Ｈ（１Ｆ）
31436,１２Ｈ（１Ｆ）
31437,１２Ｈ（１Ｆ）
36152,１２Ｈ（１Ｆ）
36153,１２Ｈ（１Ｆ）
36154,１２Ｈ（１Ｆ）
36155,１２Ｈ（１Ｆ）
36156,１２Ｈ（１Ｆ）
36157,１２Ｈ（１Ｆ）
36158,１２Ｈ（１Ｆ）
36159,１２Ｈ（１Ｆ）
36160,１２Ｈ（１Ｆ）
36180,１２Ｈ（１Ｆ）
54472,１２Ｈ（１Ｆ）
54473,１２Ｈ（１Ｆ）
52851,１２Ｈ（１Ｆ）
52852,１２Ｈ（１Ｆ）
53952,１２Ｈ（１Ｆ）
47576,１２Ｈ（１Ｆ）
47717,１２Ｈ（１Ｆ）
36398,１２Ｈ（１Ｆ）
51583,１２Ｈ（１Ｆ）
51586,１２Ｈ（１Ｆ）
55175,１２Ｈ（１Ｆ）
36453,１２Ｈ（１Ｆ）
36460,１２Ｈ（１Ｆ）
36480,１２Ｈ（１Ｆ）
36497,１２Ｈ（１Ｆ）
59404,１２Ｈ（１Ｆ）
59405,１２Ｈ（１Ｆ）
59406,１２Ｈ（１Ｆ）
59407,１２Ｈ（１Ｆ）
56707,１２Ｈ（１Ｆ）
56708,１２Ｈ（１Ｆ）
56706,１２Ｈ（１Ｆ）
35180,１２Ｈ（１Ｆ）
55658,１２Ｈ（１Ｆ）
55659,１２Ｈ（１Ｆ）
55617,１２Ｈ（１Ｆ）
52348,１２Ｈ（１Ｆ）
52349,１２Ｈ（１Ｆ）
52350,１２Ｈ（１Ｆ）
52351,１２Ｈ（１Ｆ）
52300,１２Ｈ（１Ｆ）
40653,１２Ｈ（１Ｆ）
40654,１２Ｈ（１Ｆ）
45726,１２Ｈ（１Ｆ）
45727,１２Ｈ（１Ｆ）
36540,１２Ｈ（１Ｆ）
36541,１２Ｈ（１Ｆ）
56832,１２Ｈ（１Ｆ）
56833,１２Ｈ（１Ｆ）
16860,１２Ｈ（１Ｆ）
28696,１２Ｈ（１Ｆ）
36606,１２Ｈ（１Ｆ）
36607,１２Ｈ（１Ｆ）
49043,１２Ｈ（１Ｆ）
48983,１２Ｈ（１Ｆ）
49060,１２Ｈ（１Ｆ）
48985,１２Ｈ（１Ｆ）
49061,１２Ｈ（１Ｆ）
37483,１２Ｈ（２Ｆ）
35833,１２Ｈ（２Ｆ）
51006,１２Ｈ（２Ｆ）
50924,１２Ｈ（２Ｆ）
47482,１２Ｈ（２Ｆ）
45670,１２Ｈ（２Ｆ）
56035,１２Ｈ（２Ｆ）
48437,１２Ｈ（２Ｆ）
50910,１２Ｈ（２Ｆ）
39456,１２Ｈ（２Ｆ）
39457,１２Ｈ（２Ｆ）
48011,１２Ｈ（１Ｆ）
48012,１２Ｈ（１Ｆ）
58381,１２Ｈ（１Ｆ）
36328,１２Ｈ（２Ｆ）
56501,１２Ｈ（２Ｆ）
35948,１２Ｈ（２Ｆ）
36340,１２Ｈ（２Ｆ）
52652,１２Ｈ（１Ｆ）
52653,１２Ｈ（１Ｆ）
52654,１２Ｈ（１Ｆ）
52655,１２Ｈ（１Ｆ）
52656,１２Ｈ（１Ｆ）
52657,１２Ｈ（１Ｆ）
52763,１２Ｈ（１Ｆ）
54864,１２Ｈ（１Ｆ）
54865,１２Ｈ（１Ｆ）
54866,１２Ｈ（１Ｆ）
54867,１２Ｈ（１Ｆ）
54825,１２Ｈ（１Ｆ）
55071,１２Ｈ（１Ｆ）
55072,１２Ｈ（１Ｆ）
55073,１２Ｈ（１Ｆ）
55033,１２Ｈ（１Ｆ）
52901,１２Ｈ（１Ｆ）
52902,１２Ｈ（１Ｆ）
48282,１２Ｈ（１Ｆ）
48283,１２Ｈ（１Ｆ）
48284,１２Ｈ（１Ｆ）
48256,１２Ｈ（１Ｆ）
46576,１２Ｈ（１Ｆ）
46577,１２Ｈ（１Ｆ）
46578,１２Ｈ（１Ｆ）
46579,１２Ｈ（１Ｆ）
48121,１２Ｈ（１Ｆ）
48122,１２Ｈ（１Ｆ）
46536,１２Ｈ（１Ｆ）
48645,１２Ｈ（１Ｆ）
48646,１２Ｈ（１Ｆ）
48647,１２Ｈ（１Ｆ）
48648,１２Ｈ（１Ｆ）
49108,１２Ｈ（１Ｆ）
49109,１２Ｈ（１Ｆ）
48605,１２Ｈ（１Ｆ）
34830,１２Ｈ（１Ｆ）
57230,１２Ｈ（１Ｆ）
59212,１２Ｈ（１Ｆ）
52435,１２Ｈ（１Ｆ）
36168,１２Ｈ（２Ｆ）
36170,１２Ｈ（１Ｆ）
37354,１２Ｈ（１Ｆ）
36171,１２Ｈ（１Ｆ）
36050,１２Ｈ（１Ｆ）
36078,１２Ｈ（２Ｆ）
36177,１２Ｈ（１Ｆ）
52146,１２Ｈ（１Ｆ）
52147,１２Ｈ（１Ｆ）
36073,１２Ｈ（１Ｆ）
36305,１２Ｈ（２Ｆ）
36306,１２Ｈ（２Ｆ）
36311,１２Ｈ（２Ｆ）
36312,１２Ｈ（２Ｆ）
36313,１２Ｈ（２Ｆ）
37379,１２Ｈ（２Ｆ）
37380,１２Ｈ（２Ｆ）
37383,１２Ｈ（２Ｆ）
36290,１２Ｈ（２Ｆ）
36291,１２Ｈ（２Ｆ）
36289,１２Ｈ（２Ｆ）
37384,１２Ｈ（２Ｆ）
36294,１２Ｈ（２Ｆ）
36295,１２Ｈ（２Ｆ）
37389,１２Ｈ（２Ｆ）
37388,１２Ｈ（２Ｆ）
56130,１２Ｈ（２Ｆ）
23071,１２Ｈ（２Ｆ）
36298,１２Ｈ（２Ｆ）
36299,１２Ｈ（２Ｆ）
36293,１２Ｈ（２Ｆ）
36286,１２Ｈ（２Ｆ）
37385,１２Ｈ（２Ｆ）
36281,１２Ｈ（２Ｆ）
36282,１２Ｈ（２Ｆ）
37381,１２Ｈ（２Ｆ）
37382,１２Ｈ（２Ｆ）
36314,１２Ｈ（２Ｆ）
37523,１２Ｈ（２Ｆ）
37524,１２Ｈ（２Ｆ）
37529,１２Ｈ（２Ｆ）
38313,１２Ｈ（２Ｆ）
38314,１２Ｈ（２Ｆ）
38315,１２Ｈ（２Ｆ）
38316,１２Ｈ（２Ｆ）
38317,１２Ｈ（２Ｆ）
38318,１２Ｈ（２Ｆ）
38319,１２Ｈ（２Ｆ）
38320,１２Ｈ（２Ｆ）
38304,１２Ｈ（２Ｆ）
38305,１２Ｈ（２Ｆ）
38306,１２Ｈ（２Ｆ）
38307,１２Ｈ（２Ｆ）
38308,１２Ｈ（２Ｆ）
38309,１２Ｈ（２Ｆ）
49836,１２Ｈ（２Ｆ）
49837,１２Ｈ（２Ｆ）
49838,１２Ｈ（２Ｆ）
50831,１２Ｈ（２Ｆ）
56638,１２Ｈ（２Ｆ）
56639,１２Ｈ（２Ｆ）
56640,１２Ｈ（２Ｆ）
56656,１２Ｈ（２Ｆ）
54090,１２Ｈ（２Ｆ）
35992,１２Ｈ（２Ｆ）
37484,１２Ｈ（２Ｆ）
36432,１２Ｈ（２Ｆ）
37188,１２Ｈ（２Ｆ）
37189,１２Ｈ（２Ｆ）
56536,１２Ｈ（２Ｆ）
35204,１２Ｈ（１Ｆ）
39366,１２Ｈ（１Ｆ）
48104,１２Ｈ（１Ｆ）
51100,１２Ｈ（２Ｆ）
21446,１２Ｈ（１Ｆ）
53903,１２Ｈ（１Ｆ）
8549,１２Ｈ（１Ｆ）
35113,１２Ｈ（１Ｆ）
35166,１２Ｈ（１Ｆ）
35164,１２Ｈ（２Ｆ）
35165,１２Ｈ（１Ｆ）
37873,ボウリング
37874,ボウリング
45614,ボウリング
51312,ボウリング
49663,休み（カート１）
49666,休み（カート１）
48405,ボウリング
48407,ボウリング
38905,ボウリング
38906,ボウリング
46646,ボウリング
38734,ボウリング
57465,ボウリング
57466,ボウリング
57467,ボウリング
57468,ボウリング
25831,ボウリング
25832,ボウリング
38172,ボウリング
38135,ボウリング
39195,ボウリング
39196,ボウリング
39197,ボウリング
39198,ボウリング
37689,休み（カート１）
37699,ボウリング
57277,ボウリング
57278,ボウリング
57279,ボウリング
57280,ボウリング
53606,ボウリング
53607,ボウリング
53608,ボウリング
53609,ボウリング
54220,ボウリング
54221,ボウリング
54222,ボウリング
54223,ボウリング
54219,ボウリング
53836,ボウリング
53837,ボウリング
53869,ボウリング
59097,ボウリング
59098,ボウリング
59099,ボウリング
59100,ボウリング
37400,ボウリング
50232,ボウリング
50233,ボウリング
50234,ボウリング
50235,ボウリング
20193,ボウリング
20194,ボウリング
20197,ボウリング
20199,ボウリング
35670,１２Ｈ
35282,１２Ｈ
35354,１２Ｈ
35506,１２Ｈ
35660,１２Ｈ
35672,１２Ｈ
35905,１２Ｈ
35671,１２Ｈ
35509,１２Ｈ
35729,１２Ｈ
35898,１２Ｈ
35365,１２Ｈ
35392,１２Ｈ
35508,１２Ｈ
35507,１２Ｈ
35669,１２Ｈ
35730,１２Ｈ
35510,１２Ｈ
35827,１２Ｈ
35956,１２Ｈ
35904,１２Ｈ
35661,１２Ｈ
35393,１２Ｈ
35940,１２Ｈ
35818,１２Ｈ
35836,１２Ｈ
35819,１２Ｈ
35653,１２Ｈ
55804,１２Ｈ
36061,１２Ｈ
37215,１２Ｈ
36301,１２Ｈ
35983,１２Ｈ
37249,１２Ｈ
36096,１２Ｈ
37258,１２Ｈ
35994,１２Ｈ
37278,１２Ｈ
36094,１２Ｈ
36335,１２Ｈ
36380,１２Ｈ
37296,１２Ｈ
36369,１２Ｈ
37479,１２Ｈ
37203,１２Ｈ
35982,１２Ｈ
36067,１２Ｈ
37300,１２Ｈ
35995,１２Ｈ
36297,１２Ｈ
36372,１２Ｈ
36082,１２Ｈ
36319,１２Ｈ
37242,１２Ｈ
36384,１２Ｈ
37257,１２Ｈ
50600,１２Ｈ
50601,１２Ｈ
50602,１２Ｈ
50603,１２Ｈ
51983,１２Ｈ
51984,１２Ｈ
35360,１２Ｈ
35560,１２Ｈ
35561,１２Ｈ
35563,１２Ｈ
35565,１２Ｈ
35566,１２Ｈ
35567,１２Ｈ
35568,１２Ｈ
35569,１２Ｈ
35570,１２Ｈ
35571,１２Ｈ
35572,１２Ｈ
35573,１２Ｈ
35574,１２Ｈ
35575,１２Ｈ
35576,１２Ｈ
35577,１２Ｈ
35578,１２Ｈ
35579,１２Ｈ
35580,１２Ｈ
35581,１２Ｈ
35582,１２Ｈ
35583,１２Ｈ
35584,１２Ｈ
35585,１２Ｈ
35586,１２Ｈ
35587,１２Ｈ
35588,１２Ｈ
35589,１２Ｈ
35590,１２Ｈ
35591,１２Ｈ
35592,１２Ｈ
35593,１２Ｈ
35614,１２Ｈ
35615,１２Ｈ
35616,１２Ｈ
35617,１２Ｈ
35618,１２Ｈ
35619,１２Ｈ
35620,１２Ｈ
35621,１２Ｈ
35622,１２Ｈ
35623,１２Ｈ
35624,１２Ｈ
35625,１２Ｈ
35626,１２Ｈ
35627,１２Ｈ
35628,１２Ｈ
35629,１２Ｈ
35630,１２Ｈ
35631,１２Ｈ
35632,１２Ｈ
35633,１２Ｈ
35634,１２Ｈ
35635,１２Ｈ
35636,１２Ｈ
35637,１２Ｈ
35638,１２Ｈ
35639,１２Ｈ
35640,１２Ｈ
35641,１２Ｈ
38348,１２Ｈ
38349,１２Ｈ
38350,１２Ｈ
38351,１２Ｈ
38352,１２Ｈ
38353,１２Ｈ
38354,１２Ｈ
38355,１２Ｈ
38356,１２Ｈ
38357,１２Ｈ
38358,１２Ｈ
38359,１２Ｈ
38360,１２Ｈ
38361,１２Ｈ
38362,１２Ｈ
38363,１２Ｈ
38364,１２Ｈ
38365,１２Ｈ
38366,１２Ｈ
38367,１２Ｈ
38368,１２Ｈ
38369,１２Ｈ
38370,１２Ｈ
38371,１２Ｈ
47536,１２Ｈ
47537,１２Ｈ
47538,１２Ｈ
47539,１２Ｈ
47540,１２Ｈ
47541,１２Ｈ
47542,１２Ｈ
47543,１２Ｈ
47544,１２Ｈ
47545,１２Ｈ
54247,１２Ｈ
54248,１２Ｈ
54476,１２Ｈ
54477,１２Ｈ
56431,１２Ｈ
56432,１２Ｈ
56433,１２Ｈ
56434,１２Ｈ
50769,１２Ｈ
50770,１２Ｈ
50771,１２Ｈ
50772,１２Ｈ
50773,１２Ｈ
50774,１２Ｈ
50775,１２Ｈ
50776,１２Ｈ
50777,１２Ｈ
50778,１２Ｈ
52070,１２Ｈ
52071,１２Ｈ
52859,１２Ｈ
52860,１２Ｈ
53047,１２Ｈ
53048,１２Ｈ
56387,１２Ｈ
56388,１２Ｈ
56389,１２Ｈ
56390,１２Ｈ
56391,１２Ｈ
56392,１２Ｈ
35646,１２Ｈ
35688,１２Ｈ
35689,１２Ｈ
59595,１２Ｈ
59596,１２Ｈ
35889,１２Ｈ
35891,１２Ｈ
47590,１２Ｈ
47591,１２Ｈ
47592,１２Ｈ
47593,１２Ｈ
47594,１２Ｈ
52044,１２Ｈ
52045,１２Ｈ
57344,１２Ｈ
36021,１２Ｈ
36029,１２Ｈ
59183,１２Ｈ
59184,１２Ｈ
59185,１２Ｈ
59186,１２Ｈ
59187,１２Ｈ
59188,１２Ｈ
59189,１２Ｈ
59190,１２Ｈ
59191,１２Ｈ
59192,１２Ｈ
57595,１２Ｈ
58986,１２Ｈ
36409,ボウリング
36410,ボウリング
51591,ボウリング
55180,ボウリング
36488,ボウリング
59418,ボウリング
59419,ボウリング
59420,ボウリング
59421,ボウリング
35194,ボウリング
55638,ボウリング
55639,ボウリング
55623,ボウリング
52340,ボウリング
52342,ボウリング
52370,ボウリング
52371,ボウリング
52372,ボウリング
52373,ボウリング
52307,ボウリング
36455,ボウリング
40667,ボウリング
40668,ボウリング
36462,ボウリング
36542,ボウリング
36543,ボウリング
56844,ボウリング
56845,ボウリング
30865,ボウリング
36608,ボウリング
36609,ボウリング
36611,ボウリング
36612,ボウリング
36613,ボウリング
36614,ボウリング
39558,ボウリング
34966,ボウリング
34975,ボウリング
34981,ボウリング
40162,ボウリング
55822,１２Ｈ
35013,１２Ｈ
45451,１２Ｈ
52807,１２Ｈ
49752,１２Ｈ
57358,ボウリング
57359,ボウリング
57360,ボウリング
57361,ボウリング
49046,ボウリング
48962,ボウリング
49066,ボウリング
48994,ボウリング
49067,ボウリング
36246,ボウリング
36248,ボウリング
50706,ボウリング
36271,ボウリング
36272,ボウリング
36273,ボウリング
36274,ボウリング
36256,ボウリング
36951,ボウリング
37425,１２Ｈ
37438,１２Ｈ
37439,１２Ｈ
37440,１２Ｈ
37441,１２Ｈ
37442,１２Ｈ
37443,１２Ｈ
37444,１２Ｈ
37445,１２Ｈ
37446,１２Ｈ
37447,１２Ｈ
37448,１２Ｈ
36633,１２Ｈ
55234,１２Ｈ
55235,１２Ｈ
36751,１２Ｈ
57578,１２Ｈ
48806,１２Ｈ
49094,１２Ｈ
33202,１２Ｈ
33203,１２Ｈ
47185,１２Ｈ
47186,１２Ｈ
46323,１２Ｈ
50925,１２Ｈ
54046,１２Ｈ
54047,１２Ｈ
54048,１２Ｈ
54064,１２Ｈ
48442,１２Ｈ
50913,１２Ｈ
54043,１２Ｈ
54044,１２Ｈ
35650,１２Ｈ
52005,１２Ｈ
37454,１２Ｈ
51606,１２Ｈ
39448,１２Ｈ
39449,１２Ｈ
39452,１２Ｈ
39453,１２Ｈ
37455,１２Ｈ
38338,１２Ｈ
50716,１２Ｈ
34857,ボウリング
34860,ボウリング
48019,ボウリング
48020,ボウリング
48021,ボウリング
58384,ボウリング
34913,ボウリング
50356,１２Ｈ
56505,１２Ｈ
36346,１２Ｈ
36355,１２Ｈ
36356,１２Ｈ
36357,１２Ｈ
36358,１２Ｈ
36359,１２Ｈ
36184,休み（カート１）
52664,ボウリング
52665,ボウリング
52666,ボウリング
52667,ボウリング
52767,ボウリング
54872,ボウリング
54873,ボウリング
54874,ボウリング
54875,ボウリング
54876,ボウリング
54877,ボウリング
54827,ボウリング
55062,ボウリング
55063,ボウリング
55064,ボウリング
55193,ボウリング
55194,ボウリング
55195,ボウリング
55030,ボウリング
55192,ボウリング
39539,ボウリング
47257,ボウリング
48288,ボウリング
48289,ボウリング
48290,ボウリング
48260,ボウリング
46592,ボウリング
46593,ボウリング
46594,ボウリング
46595,ボウリング
46540,ボウリング
48667,ボウリング
48668,ボウリング
48669,ボウリング
48670,ボウリング
48609,ボウリング
27281,ボウリング
36054,休み（カート１）
36063,ボウリング
57234,ボウリング
52439,ボウリング
36181,ボウリング
38662,ボウリング
38663,ボウリング
36182,ボウリング
36183,ボウリング
35065,ボウリング
35067,ボウリング
52152,ボウリング
52153,ボウリング
36077,ボウリング
36855,１２Ｈ
37482,１２Ｈ
36741,１２Ｈ
36742,１２Ｈ
36743,１２Ｈ
36796,１２Ｈ
36795,１２Ｈ
37348,１２Ｈ
37349,１２Ｈ
37350,１２Ｈ
37351,１２Ｈ
37287,１２Ｈ
37289,１２Ｈ
36790,１２Ｈ
36791,１２Ｈ
36792,１２Ｈ
36793,１２Ｈ
36794,１２Ｈ
36857,１２Ｈ
49730,１２Ｈ
37545,１２Ｈ
37546,１２Ｈ
37551,１２Ｈ
37997,１２Ｈ
36831,１２Ｈ
36769,１２Ｈ
37560,１２Ｈ
37559,１２Ｈ
37186,１２Ｈ
37187,１２Ｈ
37357,１２Ｈ
37356,１２Ｈ
36636,１２Ｈ
37331,１２Ｈ
37332,１２Ｈ
37335,１２Ｈ
37336,休み（カート１）
37337,休み（カート１）
37316,１２Ｈ
37319,１２Ｈ
37320,１２Ｈ
37321,１２Ｈ
37322,１２Ｈ
37323,１２Ｈ
37324,１２Ｈ
37325,１２Ｈ
37264,１２Ｈ
37470,１２Ｈ
36627,１２Ｈ
36628,１２Ｈ
36629,１２Ｈ
35004,１２Ｈ
36656,１２Ｈ
36673,１２Ｈ
38016,１２Ｈ
56472,１２Ｈ
36748,１２Ｈ
36835,１２Ｈ
45674,１２Ｈ
45675,１２Ｈ
48441,１２Ｈ
37210,１２Ｈ
36653,１２Ｈ
37222,１２Ｈ
37231,１２Ｈ
37233,１２Ｈ
36654,１２Ｈ
37201,１２Ｈ
37207,１２Ｈ
37276,１２Ｈ
36774,１２Ｈ
37561,１２Ｈ
37352,１２Ｈ
37175,１２Ｈ
36876,１２Ｈ
36877,１２Ｈ
36879,１２Ｈ
37465,１２Ｈ
37311,ボウリング
36639,１２Ｈ
37519,１２Ｈ
37520,１２Ｈ
37521,１２Ｈ
37533,１２Ｈ
36698,１２Ｈ
36699,１２Ｈ
36700,１２Ｈ
36701,１２Ｈ
36702,１２Ｈ
36703,１２Ｈ
36704,１２Ｈ
36705,１２Ｈ
38003,１２Ｈ
38004,１２Ｈ
38005,１２Ｈ
38006,１２Ｈ
38007,１２Ｈ
38008,１２Ｈ
38012,１２Ｈ
38013,１２Ｈ
38014,１２Ｈ
38015,１２Ｈ
56649,１２Ｈ
56650,１２Ｈ
56651,１２Ｈ
35283,１２Ｈ
35353,１２Ｈ
35422,１２Ｈ
35421,１２Ｈ
54093,１２Ｈ
36302,１２Ｈ
36304,１２Ｈ
38017,１２Ｈ
38018,１２Ｈ
56540,１２Ｈ
40682,１２Ｈ
56128,ボウリング
53074,ボウリング
35211,ボウリング
53065,ボウリング
56126,ボウリング
53070,ボウリング
53071,ボウリング
35220,ボウリング
35106,１２Ｈ
51621,１２Ｈ
35222,ボウリング
35131,ボウリング
35132,１２Ｈ
35133,１２Ｈ
35134,１２Ｈ
35135,１２Ｈ
35136,１２Ｈ
35137,１２Ｈ
35138,１２Ｈ
35139,１２Ｈ
35140,１２Ｈ
35141,１２Ｈ
35214,ボウリング
35219,ボウリング
35221,ボウリング
55903,ボウリング
36185,１２Ｈ
53911,ボウリング
35112,休み（カート１）
31809,１２Ｈ（Ｓ側）
37844,１２Ｈ（Ｓ側）
37845,１２Ｈ（Ｓ側）
38917,１２Ｈ（Ｓ側）
49661,１２Ｈ（Ｓ側）
49662,１２Ｈ（Ｓ側）
48394,１２Ｈ（Ｓ側）
48396,１２Ｈ（Ｓ側）
38897,１２Ｈ（Ｓ側）
38898,１２Ｈ（Ｓ側）
46644,１２Ｈ（Ｓ側）
38732,１２Ｈ（Ｓ側）
57513,１２Ｈ（Ｓ側）
57514,１２Ｈ（Ｓ側）
57515,１２Ｈ（Ｓ側）
57516,１２Ｈ（Ｓ側）
38082,休み（カート１）
38168,１２Ｈ（Ｓ側）
38133,１２Ｈ（Ｓ側）
52939,１２Ｈ（Ｓ側）
52940,１２Ｈ（Ｓ側）
52941,１２Ｈ（Ｓ側）
52942,１２Ｈ（Ｓ側）
57286,１２Ｈ（Ｓ側）
57293,１２Ｈ（Ｓ側）
57294,１２Ｈ（Ｓ側）
57295,１２Ｈ（Ｓ側）
53534,１２Ｈ（Ｓ側）
53535,１２Ｈ（Ｓ側）
53536,１２Ｈ（Ｓ側）
53537,１２Ｈ（Ｓ側）
53538,１２Ｈ（Ｓ側）
53539,１２Ｈ（Ｓ側）
53540,１２Ｈ（Ｓ側）
53541,１２Ｈ（Ｓ側）
53542,１２Ｈ（Ｓ側）
53543,１２Ｈ（Ｓ側）
53544,１２Ｈ（Ｓ側）
53545,１２Ｈ（Ｓ側）
53402,１２Ｈ（Ｓ側）
53403,１２Ｈ（Ｓ側）
28149,１２Ｈ（Ｓ側）
28150,１２Ｈ（Ｓ側）
37587,１２Ｈ（Ｓ側）
37588,１２Ｈ（Ｓ側）
59093,１２Ｈ（Ｓ側）
59094,１２Ｈ（Ｓ側）
59095,１２Ｈ（Ｓ側）
59096,１２Ｈ（Ｓ側）
37410,１２Ｈ（Ｓ側）
37614,休み（カート１）
50266,１２Ｈ（Ｓ側）
50267,１２Ｈ（Ｓ側）
50268,１２Ｈ（Ｓ側）
50269,１２Ｈ（Ｓ側）
55300,１２Ｈ（Ｓ側）
55297,１２Ｈ（Ｓ側）
55298,１２Ｈ（Ｓ側）
55299,１２Ｈ（Ｓ側）
35505,１２Ｈ（Ｓ側）
35914,１２Ｈ（Ｓ側）
35281,１２Ｈ（Ｓ側）
35659,１２Ｈ（Ｓ側）
35419,１２Ｈ（Ｓ側）
35504,１２Ｈ（Ｓ側）
35655,１２Ｈ（Ｓ側）
35840,１２Ｈ（Ｓ側）
35363,１２Ｈ（Ｓ側）
35968,１２Ｈ（Ｓ側）
35954,１２Ｈ（Ｓ側）
35955,１２Ｈ（Ｓ側）
35364,１２Ｈ（Ｓ側）
35676,１２Ｈ（Ｓ側）
35887,１２Ｈ（Ｓ側）
35903,１２Ｈ（Ｓ側）
35728,１２Ｈ（Ｓ側）
35668,１２Ｈ（Ｓ側）
35390,１２Ｈ（Ｓ側）
16897,１２Ｈ（Ｓ側）
16896,１２Ｈ（Ｓ側）
16895,１２Ｈ（Ｓ側）
10593,１２Ｈ（Ｓ側）
10590,１２Ｈ（Ｓ側）
12089,１２Ｈ（Ｓ側）
12088,１２Ｈ（Ｓ側）
10594,１２Ｈ（Ｓ側）
10589,１２Ｈ（Ｓ側）
10591,１２Ｈ（Ｓ側）
10592,１２Ｈ（Ｓ側）
16894,１２Ｈ（Ｓ側）
9213,１２Ｈ（Ｓ側）
9214,１２Ｈ（Ｓ側）
9215,１２Ｈ（Ｓ側）
9216,１２Ｈ（Ｓ側）
7850,１２Ｈ（Ｓ側）
7851,１２Ｈ（Ｓ側）
32703,１２Ｈ（Ｓ側）
55301,１２Ｈ（Ｓ側）
55302,１２Ｈ（Ｓ側）
55806,１２Ｈ（Ｓ側）
36164,１２Ｈ（Ｓ側）
37168,１２Ｈ（Ｓ側）
36163,１２Ｈ（Ｓ側）
37167,１２Ｈ（Ｓ側）
37241,１２Ｈ（Ｓ側）
35981,１２Ｈ（Ｓ側）
36057,１２Ｈ（Ｓ側）
36093,１２Ｈ（Ｓ側）
37295,１２Ｈ（Ｓ側）
36388,１２Ｈ（Ｓ側）
37247,１２Ｈ（Ｓ側）
36379,１２Ｈ（Ｓ側）
37708,１２Ｈ（Ｓ側）
36066,１２Ｈ（Ｓ側）
36046,１２Ｈ（Ｓ側）
36308,１２Ｈ（Ｓ側）
36423,１２Ｈ（Ｓ側）
36425,１２Ｈ（Ｓ側）
36089,１２Ｈ（Ｓ側）
36370,１２Ｈ（Ｓ側）
36322,１２Ｈ（Ｓ側）
36333,１２Ｈ（Ｓ側）
36092,１２Ｈ（Ｓ側）
37272,１２Ｈ（Ｓ側）
36045,１２Ｈ（Ｓ側）
36047,１２Ｈ（Ｓ側）
36081,１２Ｈ（Ｓ側）
36387,１２Ｈ（Ｓ側）
36378,１２Ｈ（Ｓ側）
35997,１２Ｈ（Ｓ側）
36059,１２Ｈ（Ｓ側）
36103,１２Ｈ（Ｓ側）
37478,１２Ｈ（Ｓ側）
37191,１２Ｈ（Ｓ側）
37485,１２Ｈ（Ｓ側）
36419,１２Ｈ（Ｓ側）
37212,１２Ｈ（Ｓ側）
37299,１２Ｈ（Ｓ側）
36318,１２Ｈ（Ｓ側）
36058,１２Ｈ（Ｓ側）
6813,１２Ｈ（Ｓ側）
6812,１２Ｈ（Ｓ側）
50594,１２Ｈ（ＮＳ側）
50595,１２Ｈ（ＮＳ側）
50596,１２Ｈ（ＮＳ側）
50597,１２Ｈ（ＮＳ側）
51981,１２Ｈ（ＮＳ側）
51982,１２Ｈ（ＮＳ側）
37608,１２Ｈ（ＮＳ側）
37610,１２Ｈ（ＮＳ側）
40042,１２Ｈ（ＮＳ側）
40044,１２Ｈ（ＮＳ側）
40048,１２Ｈ（ＮＳ側）
40049,１２Ｈ（ＮＳ側）
40051,１２Ｈ（ＮＳ側）
40052,１２Ｈ（ＮＳ側）
40057,１２Ｈ（ＮＳ側）
40060,１２Ｈ（ＮＳ側）
40061,１２Ｈ（ＮＳ側）
40063,１２Ｈ（ＮＳ側）
40065,１２Ｈ（ＮＳ側）
40067,１２Ｈ（ＮＳ側）
40074,１２Ｈ（ＮＳ側）
40075,１２Ｈ（ＮＳ側）
40077,１２Ｈ（ＮＳ側）
40078,１２Ｈ（ＮＳ側）
40079,１２Ｈ（ＮＳ側）
40080,１２Ｈ（ＮＳ側）
40081,１２Ｈ（ＮＳ側）
40082,１２Ｈ（ＮＳ側）
40083,１２Ｈ（ＮＳ側）
40084,１２Ｈ（ＮＳ側）
46675,１２Ｈ（ＮＳ側）
46676,１２Ｈ（ＮＳ側）
46677,１２Ｈ（ＮＳ側）
46678,１２Ｈ（ＮＳ側）
46679,１２Ｈ（ＮＳ側）
46680,１２Ｈ（ＮＳ側）
46681,１２Ｈ（ＮＳ側）
46682,１２Ｈ（ＮＳ側）
46683,１２Ｈ（ＮＳ側）
46684,１２Ｈ（ＮＳ側）
54243,１２Ｈ（ＮＳ側）
54244,１２Ｈ（ＮＳ側）
54245,１２Ｈ（ＮＳ側）
54246,１２Ｈ（ＮＳ側）
50757,１２Ｈ（ＮＳ側）
50758,１２Ｈ（ＮＳ側）
50759,１２Ｈ（ＮＳ側）
50760,１２Ｈ（ＮＳ側）
50761,１２Ｈ（ＮＳ側）
50762,１２Ｈ（ＮＳ側）
50763,１２Ｈ（ＮＳ側）
50764,１２Ｈ（ＮＳ側）
50765,１２Ｈ（ＮＳ側）
50766,１２Ｈ（ＮＳ側）
52068,１２Ｈ（ＮＳ側）
52069,１２Ｈ（ＮＳ側）
52855,１２Ｈ（ＮＳ側）
52856,１２Ｈ（ＮＳ側）
53045,１２Ｈ（ＮＳ側）
53046,１２Ｈ（ＮＳ側）
56383,１２Ｈ（ＮＳ側）
56384,１２Ｈ（ＮＳ側）
56385,１２Ｈ（ＮＳ側）
56386,１２Ｈ（ＮＳ側）
59777,１２Ｈ（ＮＳ側）
59778,１２Ｈ（ＮＳ側）
35695,１２Ｈ（ＮＳ側）
35698,１２Ｈ（ＮＳ側）
35745,１２Ｈ（ＮＳ側）
35746,１２Ｈ（ＮＳ側）
35747,１２Ｈ（ＮＳ側）
35751,１２Ｈ（ＮＳ側）
35754,１２Ｈ（ＮＳ側）
35755,１２Ｈ（ＮＳ側）
35756,１２Ｈ（ＮＳ側）
35757,１２Ｈ（ＮＳ側）
35758,１２Ｈ（ＮＳ側）
35759,１２Ｈ（ＮＳ側）
35760,１２Ｈ（ＮＳ側）
35761,１２Ｈ（ＮＳ側）
35762,１２Ｈ（ＮＳ側）
35763,１２Ｈ（ＮＳ側）
35764,１２Ｈ（ＮＳ側）
35765,１２Ｈ（ＮＳ側）
35766,１２Ｈ（ＮＳ側）
35767,１２Ｈ（ＮＳ側）
35768,１２Ｈ（ＮＳ側）
35770,１２Ｈ（ＮＳ側）
35772,１２Ｈ（ＮＳ側）
35775,１２Ｈ（ＮＳ側）
35776,１２Ｈ（ＮＳ側）
35777,１２Ｈ（ＮＳ側）
35778,１２Ｈ（ＮＳ側）
35779,１２Ｈ（ＮＳ側）
35781,１２Ｈ（ＮＳ側）
35782,１２Ｈ（ＮＳ側）
35783,１２Ｈ（ＮＳ側）
35784,１２Ｈ（ＮＳ側）
35785,１２Ｈ（ＮＳ側）
35787,１２Ｈ（ＮＳ側）
35789,１２Ｈ（ＮＳ側）
35790,１２Ｈ（ＮＳ側）
35791,１２Ｈ（ＮＳ側）
35792,１２Ｈ（ＮＳ側）
35793,１２Ｈ（ＮＳ側）
35794,１２Ｈ（ＮＳ側）
35795,１２Ｈ（ＮＳ側）
35796,１２Ｈ（ＮＳ側）
35797,１２Ｈ（ＮＳ側）
35798,１２Ｈ（ＮＳ側）
35800,１２Ｈ（ＮＳ側）
35801,１２Ｈ（ＮＳ側）
35803,１２Ｈ（ＮＳ側）
35805,１２Ｈ（ＮＳ側）
35806,１２Ｈ（ＮＳ側）
35807,１２Ｈ（ＮＳ側）
35808,１２Ｈ（ＮＳ側）
35810,１２Ｈ（ＮＳ側）
35811,１２Ｈ（ＮＳ側）
59593,１２Ｈ（ＮＳ側）
59594,１２Ｈ（ＮＳ側）
47583,１２Ｈ（ＮＳ側）
47584,１２Ｈ（ＮＳ側）
47585,１２Ｈ（ＮＳ側）
47586,１２Ｈ（ＮＳ側）
47587,１２Ｈ（ＮＳ側）
52041,１２Ｈ（ＮＳ側）
52042,１２Ｈ（ＮＳ側）
57343,１２Ｈ（ＮＳ側）
38092,１２Ｈ（ＮＳ側）
54588,１２Ｈ（ＮＳ側）
54589,１２Ｈ（ＮＳ側）
54590,１２Ｈ（ＮＳ側）
54591,１２Ｈ（ＮＳ側）
54592,１２Ｈ（ＮＳ側）
54593,１２Ｈ（ＮＳ側）
59173,１２Ｈ（ＮＳ側）
59174,１２Ｈ（ＮＳ側）
59175,１２Ｈ（ＮＳ側）
59176,１２Ｈ（ＮＳ側）
59177,１２Ｈ（ＮＳ側）
59178,１２Ｈ（ＮＳ側）
59179,１２Ｈ（ＮＳ側）
59180,１２Ｈ（ＮＳ側）
59181,１２Ｈ（ＮＳ側）
59182,１２Ｈ（ＮＳ側）
57593,１２Ｈ（ＮＳ側）
36403,１２Ｈ（Ｓ側）
36404,１２Ｈ（Ｓ側）
51588,１２Ｈ（Ｓ側）
55177,１２Ｈ（Ｓ側）
36484,１２Ｈ（Ｓ側）
59412,１２Ｈ（Ｓ側）
59413,１２Ｈ（Ｓ側）
55783,１２Ｈ（Ｓ側）
55784,１２Ｈ（Ｓ側）
55753,１２Ｈ（Ｓ側）
55663,１２Ｈ（Ｓ側）
55664,１２Ｈ（Ｓ側）
55620,１２Ｈ（Ｓ側）
52358,１２Ｈ（Ｓ側）
52359,１２Ｈ（Ｓ側）
52360,１２Ｈ（Ｓ側）
52361,１２Ｈ（Ｓ側）
52303,１２Ｈ（Ｓ側）
36451,１２Ｈ（Ｓ側）
40659,１２Ｈ（Ｓ側）
40660,１２Ｈ（Ｓ側）
40661,１２Ｈ（Ｓ側）
40662,１２Ｈ（Ｓ側）
36464,１２Ｈ（Ｓ側）
36544,１２Ｈ（Ｓ側）
38412,１２Ｈ（Ｓ側）
56837,１２Ｈ（Ｓ側）
56838,１２Ｈ（Ｓ側）
35289,１２Ｈ（ＮＳ側）
36616,１２Ｈ（ＮＳ側）
36617,１２Ｈ（ＮＳ側）
36618,１２Ｈ（ＮＳ側）
34979,１２Ｈ（ＮＳ側）
40161,１２Ｈ（ＮＳ側）
34998,１２Ｈ（Ｓ側）
34999,１２Ｈ（Ｓ側）
35000,１２Ｈ（Ｓ側）
35001,１２Ｈ（Ｓ側）
34989,１２Ｈ（Ｓ側）
49754,１２Ｈ（Ｓ側）
55241,１２Ｈ（Ｓ側）
57362,１２Ｈ（Ｓ側）
57363,１２Ｈ（Ｓ側）
35068,１２Ｈ（ＮＳ側）
49045,１２Ｈ（Ｓ側）
48984,１２Ｈ（Ｓ側）
49064,１２Ｈ（Ｓ側）
48986,１２Ｈ（Ｓ側）
49065,１２Ｈ（Ｓ側）
50704,１２Ｈ（Ｓ側）
36263,１２Ｈ（Ｓ側）
36264,１２Ｈ（Ｓ側）
36265,１２Ｈ（Ｓ側）
36266,１２Ｈ（Ｓ側）
36254,１２Ｈ（Ｓ側）
36949,１２Ｈ（ＮＳ側）
36383,１２Ｈ（ＮＳ側）
30402,１２Ｈ（Ｓ側）
37428,１２Ｈ（Ｓ側）
37429,１２Ｈ（Ｓ側）
37430,１２Ｈ（Ｓ側）
37431,１２Ｈ（Ｓ側）
37432,１２Ｈ（Ｓ側）
37433,１２Ｈ（Ｓ側）
37434,１２Ｈ（Ｓ側）
37435,１２Ｈ（Ｓ側）
37436,１２Ｈ（Ｓ側）
37437,１２Ｈ（Ｓ側）
29605,１２Ｈ（Ｓ側）
37537,１２Ｈ（Ｓ側）
20445,１２Ｈ（Ｓ側）
23345,１２Ｈ（Ｓ側）
36205,１２Ｈ（Ｓ側）
36206,１２Ｈ（Ｓ側）
36204,１２Ｈ（Ｓ側）
36631,１２Ｈ（Ｓ側）
55231,１２Ｈ（Ｓ側）
55232,１２Ｈ（Ｓ側）
37450,１２Ｈ（Ｓ側）
57577,１２Ｈ（Ｓ側）
47557,１２Ｈ（Ｓ側）
47183,１２Ｈ（Ｓ側）
47184,１２Ｈ（Ｓ側）
35658,１２Ｈ（Ｓ側）
46322,１２Ｈ（Ｓ側）
54063,１２Ｈ（Ｓ側）
50912,１２Ｈ（Ｓ側）
52004,１２Ｈ（Ｓ側）
51605,１２Ｈ（Ｓ側）
39450,１２Ｈ（Ｓ側）
39451,１２Ｈ（Ｓ側）
37985,１２Ｈ（Ｓ側）
37990,１２Ｈ（Ｓ側）
37991,１２Ｈ（Ｓ側）
37992,１２Ｈ（Ｓ側）
37993,１２Ｈ（Ｓ側）
37994,１２Ｈ（Ｓ側）
37995,１２Ｈ（Ｓ側）
37996,１２Ｈ（Ｓ側）
46788,１２Ｈ（Ｓ側）
49086,１２Ｈ（Ｓ側）
55957,１２Ｈ（ＮＳ側）
55958,１２Ｈ（ＮＳ側）
34856,１２Ｈ（ＮＳ側）
34859,１２Ｈ（ＮＳ側）
51820,１２Ｈ（ＮＳ側）
48016,１２Ｈ（ＮＳ側）
48017,１２Ｈ（ＮＳ側）
48018,１２Ｈ（ＮＳ側）
58383,１２Ｈ（ＮＳ側）
34911,１２Ｈ（ＮＳ側）
34912,１２Ｈ（ＮＳ側）
51815,１２Ｈ（ＮＳ側）
45196,１２Ｈ（Ｓ側）
56503,１２Ｈ（Ｓ側）
36350,１２Ｈ（Ｓ側）
36351,１２Ｈ（Ｓ側）
36352,１２Ｈ（Ｓ側）
36353,１２Ｈ（Ｓ側）
36354,１２Ｈ（Ｓ側）
52658,１２Ｈ（Ｓ側）
52659,１２Ｈ（Ｓ側）
52660,１２Ｈ（Ｓ側）
52661,１２Ｈ（Ｓ側）
52662,１２Ｈ（Ｓ側）
52663,１２Ｈ（Ｓ側）
52765,１２Ｈ（Ｓ側）
54868,１２Ｈ（Ｓ側）
54869,１２Ｈ（Ｓ側）
54870,１２Ｈ（Ｓ側）
54871,１２Ｈ（Ｓ側）
54826,１２Ｈ（Ｓ側）
55077,１２Ｈ（Ｓ側）
55078,１２Ｈ（Ｓ側）
55079,１２Ｈ（Ｓ側）
55035,１２Ｈ（Ｓ側）
39537,１２Ｈ（ＮＳ側）
47256,１２Ｈ（ＮＳ側）
48285,１２Ｈ（Ｓ側）
48286,１２Ｈ（Ｓ側）
48287,１２Ｈ（Ｓ側）
48258,１２Ｈ（Ｓ側）
46584,１２Ｈ（Ｓ側）
46585,１２Ｈ（Ｓ側）
46586,１２Ｈ（Ｓ側）
46587,１２Ｈ（Ｓ側）
46538,１２Ｈ（Ｓ側）
48655,１２Ｈ（Ｓ側）
48656,１２Ｈ（Ｓ側）
48657,１２Ｈ（Ｓ側）
48658,１２Ｈ（Ｓ側）
48607,１２Ｈ（Ｓ側）
55151,１２Ｈ（ＮＳ側）
36062,１２Ｈ（ＮＳ側）
57232,１２Ｈ（Ｓ側）
52437,１２Ｈ（Ｓ側）
36196,１２Ｈ（Ｓ側）
36199,１２Ｈ（Ｓ側）
38096,休み（カート１）
38097,１２Ｈ（Ｓ側）
36200,１２Ｈ（Ｓ側）
36198,１２Ｈ（Ｓ側）
36201,１２Ｈ（Ｓ側）
36197,１２Ｈ（Ｓ側）
36191,１２Ｈ（Ｓ側）
36192,１２Ｈ（Ｓ側）
36194,１２Ｈ（Ｓ側）
36193,１２Ｈ（Ｓ側）
36190,１２Ｈ（Ｓ側）
36203,１２Ｈ（Ｓ側）
52150,１２Ｈ（ＮＳ側）
52151,１２Ｈ（ＮＳ側）
36854,１２Ｈ（Ｓ側）
37481,１２Ｈ（Ｓ側）
49729,１２Ｈ（Ｓ側）
37544,１２Ｈ（Ｓ側）
36624,１２Ｈ（Ｓ側）
36625,１２Ｈ（Ｓ側）
36626,１２Ｈ（Ｓ側）
36635,１２Ｈ（Ｓ側）
37333,１２Ｈ（Ｓ側）
37334,１２Ｈ（Ｓ側）
37318,１２Ｈ（Ｓ側）
37265,１２Ｈ（Ｓ側）
37266,１２Ｈ（Ｓ側）
37472,１２Ｈ（Ｓ側）
37473,１２Ｈ（Ｓ側）
35003,１２Ｈ（Ｓ側）
47021,１２Ｈ（Ｓ側）
47022,１２Ｈ（Ｓ側）
47061,１２Ｈ（Ｓ側）
47063,１２Ｈ（Ｓ側）
47064,１２Ｈ（Ｓ側）
36672,１２Ｈ（Ｓ側）
56470,１２Ｈ（Ｓ側）
45667,１２Ｈ（Ｓ側）
45672,１２Ｈ（Ｓ側）
45673,１２Ｈ（Ｓ側）
48439,１２Ｈ（Ｓ側）
48440,１２Ｈ（Ｓ側）
48445,１２Ｈ（Ｓ側）
36784,１２Ｈ（Ｓ側）
36785,１２Ｈ（Ｓ側）
36786,１２Ｈ（Ｓ側）
36822,１２Ｈ（Ｓ側）
37303,１２Ｈ（Ｓ側）
36818,１２Ｈ（Ｓ側）
36799,１２Ｈ（Ｓ側）
36849,１２Ｈ（Ｓ側）
37209,１２Ｈ（Ｓ側）
37216,１２Ｈ（Ｓ側）
36644,１２Ｈ（Ｓ側）
36645,１２Ｈ（Ｓ側）
37228,１２Ｈ（Ｓ側）
37198,１２Ｈ（Ｓ側）
37199,１２Ｈ（Ｓ側）
37204,１２Ｈ（Ｓ側）
37205,１２Ｈ（Ｓ側）
37250,１２Ｈ（Ｓ側）
36871,１２Ｈ（Ｓ側）
36872,１２Ｈ（Ｓ側）
36873,１２Ｈ（Ｓ側）
37309,１２Ｈ（Ｓ側）
36680,１２Ｈ（Ｓ側）
36683,１２Ｈ（Ｓ側）
36684,１２Ｈ（Ｓ側）
36687,１２Ｈ（Ｓ側）
36688,１２Ｈ（Ｓ側）
36689,１２Ｈ（Ｓ側）
38644,１２Ｈ（Ｓ側）
38645,１２Ｈ（Ｓ側）
38646,１２Ｈ（Ｓ側）
38647,１２Ｈ（Ｓ側）
48809,１２Ｈ（Ｓ側）
56645,１２Ｈ（Ｓ側）
56646,１２Ｈ（Ｓ側）
56647,１２Ｈ（Ｓ側）
56648,１２Ｈ（Ｓ側）
56652,１２Ｈ（Ｓ側）
35391,１２Ｈ（Ｓ側）
35933,１２Ｈ（Ｓ側）
35420,１２Ｈ（Ｓ側）
35969,１２Ｈ（Ｓ側）
54092,１２Ｈ（Ｓ側）
35742,１２Ｈ（Ｓ側）
45197,１２Ｈ（Ｓ側）
45198,１２Ｈ（Ｓ側）
45199,１２Ｈ（Ｓ側）
35743,１２Ｈ（Ｓ側）
56538,１２Ｈ（Ｓ側）
37923,１２Ｈ（Ｓ側）
35210,１２Ｈ（ＮＳ側）
55847,１２Ｈ（ＮＳ側）
39164,１２Ｈ（ＮＳ側）
53064,１２Ｈ（ＮＳ側）
56125,１２Ｈ（ＮＳ側）
53068,１２Ｈ（ＮＳ側）
53069,１２Ｈ（ＮＳ側）
48138,１２Ｈ（Ｓ側）
35105,１２Ｈ（Ｓ側）
45200,１２Ｈ（Ｓ側）
57368,１２Ｈ（Ｓ側）
35120,１２Ｈ（ＮＳ側）
35121,１２Ｈ（ＮＳ側）
35122,１２Ｈ（ＮＳ側）
35123,１２Ｈ（ＮＳ側）
35124,１２Ｈ（ＮＳ側）
35125,１２Ｈ（ＮＳ側）
35127,１２Ｈ（ＮＳ側）
35128,１２Ｈ（ＮＳ側）
35129,１２Ｈ（ＮＳ側）
55791,１２Ｈ（ＮＳ側）
54299,１２Ｈ（ＮＳ側）
48368,１２Ｈ
48371,１２Ｈ
38871,１２Ｈ
38872,１２Ｈ
46639,１２Ｈ
38703,１２Ｈ
57497,１２Ｈ
57498,１２Ｈ
57499,１２Ｈ
57500,１２Ｈ
27804,１２Ｈ
27805,１２Ｈ
27806,１２Ｈ
27807,１２Ｈ
39183,１２Ｈ
39184,１２Ｈ
54187,１２Ｈ
54188,１２Ｈ
54189,１２Ｈ
54190,１２Ｈ
53458,１２Ｈ
53459,１２Ｈ
53460,１２Ｈ
53461,１２Ｈ
53462,１２Ｈ
53463,１２Ｈ
53464,１２Ｈ
53465,１２Ｈ
53466,１２Ｈ
53467,１２Ｈ
53468,１２Ｈ
53469,１２Ｈ
53390,１２Ｈ
53391,１２Ｈ
47178,１２Ｈ
59083,１２Ｈ
59084,１２Ｈ
59085,１２Ｈ
59086,１２Ｈ
59087,１２Ｈ
59088,１２Ｈ
50236,１２Ｈ
50237,１２Ｈ
50242,１２Ｈ
50243,１２Ｈ
50244,１２Ｈ
50245,１２Ｈ
33814,１２Ｈ
32834,１２Ｈ
32833,１２Ｈ
38634,１２Ｈ
33769,１２Ｈ
33768,１２Ｈ
33844,１２Ｈ
33766,１２Ｈ
33767,１２Ｈ
33847,１２Ｈ
33848,１２Ｈ
33771,１２Ｈ
33846,１２Ｈ
33845,１２Ｈ
33849,１２Ｈ
33770,１２Ｈ
33773,１２Ｈ
33774,１２Ｈ
33765,１２Ｈ
46945,１２Ｈ
46921,１２Ｈ
46931,１２Ｈ
46884,１２Ｈ
46911,１２Ｈ
46943,１２Ｈ
46939,１２Ｈ
46929,１２Ｈ
46950,１２Ｈ
32835,１２Ｈ
46938,１２Ｈ
46927,１２Ｈ
46918,１２Ｈ
46894,１２Ｈ
33779,１２Ｈ
33840,１２Ｈ
33781,１２Ｈ
33783,１２Ｈ
33775,１２Ｈ
50579,１２Ｈ
50585,１２Ｈ
50586,１２Ｈ
50587,１２Ｈ
32238,１２Ｈ
33047,１２Ｈ
33048,１２Ｈ
33049,１２Ｈ
33050,１２Ｈ
33051,１２Ｈ
33052,１２Ｈ
33053,１２Ｈ
33054,１２Ｈ
33055,１２Ｈ
33056,１２Ｈ
33057,１２Ｈ
33058,１２Ｈ
33059,１２Ｈ
33060,１２Ｈ
33061,１２Ｈ
33062,１２Ｈ
33063,１２Ｈ
33064,１２Ｈ
33065,１２Ｈ
33066,１２Ｈ
33067,１２Ｈ
33068,１２Ｈ
33069,１２Ｈ
33070,１２Ｈ
33071,１２Ｈ
33072,１２Ｈ
33073,１２Ｈ
33074,１２Ｈ
33075,１２Ｈ
33076,１２Ｈ
33077,１２Ｈ
33078,１２Ｈ
33079,１２Ｈ
33080,１２Ｈ
33081,１２Ｈ
33082,１２Ｈ
33083,１２Ｈ
33084,１２Ｈ
33085,１２Ｈ
33086,１２Ｈ
33087,１２Ｈ
33088,１２Ｈ
33089,１２Ｈ
33090,１２Ｈ
33091,１２Ｈ
33092,１２Ｈ
33093,１２Ｈ
33094,１２Ｈ
34108,１２Ｈ
34109,１２Ｈ
34110,１２Ｈ
34111,１２Ｈ
34112,１２Ｈ
34113,１２Ｈ
34266,１２Ｈ
34267,１２Ｈ
34268,１２Ｈ
34269,１２Ｈ
34270,１２Ｈ
34271,１２Ｈ
34708,１２Ｈ
34709,１２Ｈ
34710,１２Ｈ
34711,１２Ｈ
39678,１２Ｈ
39682,１２Ｈ
39683,１２Ｈ
39684,１２Ｈ
54353,１２Ｈ
54354,１２Ｈ
56425,１２Ｈ
56426,１２Ｈ
50751,１２Ｈ
50752,１２Ｈ
50753,１２Ｈ
50754,１２Ｈ
50755,１２Ｈ
50756,１２Ｈ
52841,１２Ｈ
52842,１２Ｈ
53039,１２Ｈ
53040,１２Ｈ
53945,１２Ｈ
53946,１２Ｈ
53958,１２Ｈ
56363,１２Ｈ
56364,１２Ｈ
56365,１２Ｈ
56366,１２Ｈ
56367,１２Ｈ
56368,１２Ｈ
56405,１２Ｈ
56406,１２Ｈ
59773,１２Ｈ
59774,１２Ｈ
59590,１２Ｈ
59591,１２Ｈ
32874,１２Ｈ
32875,１２Ｈ
32876,１２Ｈ
32877,１２Ｈ
32873,１２Ｈ
47563,１２Ｈ
47564,１２Ｈ
47565,１２Ｈ
47566,１２Ｈ
52035,１２Ｈ
23971,１２Ｈ
59159,１２Ｈ
59160,１２Ｈ
59161,１２Ｈ
59162,１２Ｈ
59163,１２Ｈ
59164,１２Ｈ
59165,１２Ｈ
59166,１２Ｈ
59167,１２Ｈ
59168,１２Ｈ
57589,１２Ｈ
34198,１２Ｈ
34199,１２Ｈ
51581,１２Ｈ
55170,１２Ｈ
32517,１２Ｈ
59392,１２Ｈ
59393,１２Ｈ
59394,１２Ｈ
59395,１２Ｈ
55781,１２Ｈ
55782,１２Ｈ
55749,１２Ｈ
55652,１２Ｈ
55653,１２Ｈ
55613,１２Ｈ
52328,１２Ｈ
52329,１２Ｈ
52330,１２Ｈ
52331,１２Ｈ
52332,１２Ｈ
52333,１２Ｈ
52294,１２Ｈ
52295,１２Ｈ
27670,１２Ｈ
40633,１２Ｈ
40634,１２Ｈ
45218,１２Ｈ
45649,１２Ｈ
45650,１２Ｈ
45651,１２Ｈ
27671,１２Ｈ
33121,１２Ｈ
33758,１２Ｈ
56823,１２Ｈ
56824,１２Ｈ
56825,１２Ｈ
27423,１２Ｈ
31889,１２Ｈ
32958,１２Ｈ
32750,１２Ｈ
32751,１２Ｈ
32752,１２Ｈ
32753,１２Ｈ
32776,１２Ｈ
34980,１２Ｈ
55823,１２Ｈ
58296,１２Ｈ
47957,１２Ｈ
52806,１２Ｈ
49753,１２Ｈ
58578,１２Ｈ
53908,１２Ｈ
57350,１２Ｈ
57351,１２Ｈ
57352,１２Ｈ
57353,１２Ｈ
49042,１２Ｈ
49033,１２Ｈ
49058,１２Ｈ
49034,１２Ｈ
49059,１２Ｈ
32661,１２Ｈ
32662,１２Ｈ
32796,１２Ｈ
32797,１２Ｈ
50695,１２Ｈ
28919,１２Ｈ
30949,１２Ｈ
30930,１２Ｈ
51018,１２Ｈ
51019,１２Ｈ
36921,１２Ｈ
32791,１２Ｈ
32792,１２Ｈ
32943,１２Ｈ
45865,１２Ｈ
51003,１２Ｈ
33750,１２Ｈ
33751,１２Ｈ
33748,１２Ｈ
33479,１２Ｈ
57579,１２Ｈ
33772,１２Ｈ
50923,１２Ｈ
56034,１２Ｈ
50906,１２Ｈ
52002,１２Ｈ
51608,１２Ｈ
39440,１２Ｈ
39441,１２Ｈ
33412,１２Ｈ
32984,１２Ｈ
55923,１２Ｈ
55924,１２Ｈ
58980,１２Ｈ
32969,１２Ｈ
32968,１２Ｈ
53009,１２Ｈ
47973,１２Ｈ
47974,１２Ｈ
31142,１２Ｈ
34162,１２Ｈ
58378,１２Ｈ
32975,１２Ｈ
50353,１２Ｈ
50357,１２Ｈ
56499,１２Ｈ
32953,１２Ｈ
32954,１２Ｈ
32590,１２Ｈ
33786,１２Ｈ
33787,休み
52638,１２Ｈ
52639,１２Ｈ
52640,１２Ｈ
52641,１２Ｈ
52642,１２Ｈ
52643,１２Ｈ
52743,１２Ｈ
52745,１２Ｈ
52759,１２Ｈ
54848,１２Ｈ
54849,１２Ｈ
54850,１２Ｈ
54851,１２Ｈ
54821,１２Ｈ
55056,１２Ｈ
55057,１２Ｈ
55058,１２Ｈ
55028,１２Ｈ
39532,１２Ｈ
47255,１２Ｈ
52893,１２Ｈ
52894,１２Ｈ
55130,１２Ｈ
55131,１２Ｈ
48276,１２Ｈ
48277,１２Ｈ
48278,１２Ｈ
48250,１２Ｈ
46560,１２Ｈ
46561,１２Ｈ
46562,１２Ｈ
46563,１２Ｈ
48760,１２Ｈ
48761,１２Ｈ
46533,１２Ｈ
48633,１２Ｈ
48634,１２Ｈ
48635,１２Ｈ
48636,１２Ｈ
49106,１２Ｈ
49107,１２Ｈ
48602,１２Ｈ
55150,１２Ｈ
32781,１２Ｈ
57227,１２Ｈ
59210,１２Ｈ
52431,１２Ｈ
34369,１２Ｈ
34590,１２Ｈ
34707,１２Ｈ
52140,１２Ｈ
52141,１２Ｈ
33125,１２Ｈ
33250,１２Ｈ
13618,１２Ｈ
34165,１２Ｈ
33312,１２Ｈ
32929,１２Ｈ
33876,１２Ｈ
33877,１２Ｈ
33882,１２Ｈ
33878,１２Ｈ
33879,１２Ｈ
33880,１２Ｈ
34701,１２Ｈ
38637,１２Ｈ
47089,１２Ｈ
47007,１２Ｈ
56467,１２Ｈ
35975,１２Ｈ
32920,１２Ｈ
32922,１２Ｈ
32928,１２Ｈ
32947,１２Ｈ
32925,１２Ｈ
48436,１２Ｈ
34398,１２Ｈ
34399,１２Ｈ
27703,１２Ｈ
27702,１２Ｈ
46989,１２Ｈ
47100,１２Ｈ
47101,１２Ｈ
34547,１２Ｈ
29609,１２Ｈ
48810,１２Ｈ
48812,１２Ｈ
48814,１２Ｈ
56634,１２Ｈ
56635,１２Ｈ
56636,１２Ｈ
56637,１２Ｈ
54087,１２Ｈ
32952,休み
38601,１２Ｈ
48816,１２Ｈ
28787,休み
48815,１２Ｈ
56534,１２Ｈ
33096,１２Ｈ
33286,１２Ｈ
33996,１２Ｈ
55844,１２Ｈ
53063,１２Ｈ
56124,１２Ｈ
53066,１２Ｈ
53067,１２Ｈ
48129,１２Ｈ
32789,１２Ｈ
51015,１２Ｈ
51098,１２Ｈ
51622,１２Ｈ
32959,１２Ｈ
33745,１２Ｈ
33746,１２Ｈ
33747,１２Ｈ
32787,１２Ｈ
34292,１２Ｈ
34294,１２Ｈ
32790,１２Ｈ
32967,１２Ｈ
33282,１２Ｈ
55902,１２Ｈ
53901,１２Ｈ
56249,１２Ｈ
32965,１２Ｈ
48417,１２Ｈ
48418,１２Ｈ
48426,１２Ｈ
48427,１２Ｈ
38881,１２Ｈ
38882,１２Ｈ
39590,１２Ｈ
39591,１２Ｈ
46649,１２Ｈ
38736,１２Ｈ
57469,１２Ｈ
57470,１２Ｈ
57471,１２Ｈ
57472,１２Ｈ
54207,１２Ｈ
54208,１２Ｈ
54209,１２Ｈ
54210,１２Ｈ
53584,１２Ｈ
53585,１２Ｈ
54225,１２Ｈ
54226,１２Ｈ
54227,１２Ｈ
54228,１２Ｈ
54300,１２Ｈ
54301,１２Ｈ
54302,１２Ｈ
54303,１２Ｈ
53409,１２Ｈ
54224,１２Ｈ
53870,１２Ｈ
38448,１２Ｈ
38446,１２Ｈ
59105,１２Ｈ
59106,１２Ｈ
59107,１２Ｈ
59108,１２Ｈ
38440,１２Ｈ
50276,１２Ｈ
50277,１２Ｈ
50278,１２Ｈ
50279,１２Ｈ
38593,１２Ｈ
38466,１２Ｈ
38452,１２Ｈ
38467,１２Ｈ
38463,１２Ｈ
38464,１２Ｈ
38462,１２Ｈ
38465,１２Ｈ
35826,１２Ｈ
38461,１２Ｈ
38451,１２Ｈ
22716,１２Ｈ
38469,１２Ｈ
38473,１２Ｈ
38470,１２Ｈ
38474,１２Ｈ
38472,１２Ｈ
38477,１２Ｈ
50580,１２Ｈ
50608,１２Ｈ
50609,１２Ｈ
51985,１２Ｈ
32235,１２Ｈ
38553,１２Ｈ
38554,１２Ｈ
38555,１２Ｈ
38556,１２Ｈ
38557,１２Ｈ
38558,１２Ｈ
38559,１２Ｈ
38560,１２Ｈ
38561,１２Ｈ
38562,１２Ｈ
38563,１２Ｈ
38564,１２Ｈ
38565,１２Ｈ
38566,１２Ｈ
38567,１２Ｈ
38568,１２Ｈ
38569,１２Ｈ
38570,１２Ｈ
38571,１２Ｈ
38572,１２Ｈ
38573,１２Ｈ
38574,１２Ｈ
38575,１２Ｈ
38576,１２Ｈ
38577,１２Ｈ
38578,１２Ｈ
38579,１２Ｈ
38580,１２Ｈ
38581,１２Ｈ
38582,１２Ｈ
38583,１２Ｈ
38584,１２Ｈ
38585,１２Ｈ
38586,１２Ｈ
38587,１２Ｈ
38588,１２Ｈ
38589,１２Ｈ
38590,１２Ｈ
38591,１２Ｈ
38592,１２Ｈ
39673,１２Ｈ
39675,１２Ｈ
39676,１２Ｈ
39677,１２Ｈ
40097,１２Ｈ
40098,１２Ｈ
40099,１２Ｈ
40100,１２Ｈ
40101,１２Ｈ
40102,１２Ｈ
54359,１２Ｈ
54360,１２Ｈ
54466,１２Ｈ
54467,１２Ｈ
50783,１２Ｈ
50784,１２Ｈ
50785,１２Ｈ
50786,１２Ｈ
50787,１２Ｈ
50788,１２Ｈ
50789,１２Ｈ
52863,１２Ｈ
52864,１２Ｈ
52865,１２Ｈ
53051,１２Ｈ
53052,１２Ｈ
53053,１２Ｈ
56401,１２Ｈ
56402,１２Ｈ
56403,１２Ｈ
56404,１２Ｈ
59598,１２Ｈ
38424,１２Ｈ
38426,１２Ｈ
47604,１２Ｈ
47605,１２Ｈ
52037,１２Ｈ
52048,１２Ｈ
21522,１２Ｈ
59199,１２Ｈ
59200,１２Ｈ
57597,１２Ｈ
38409,１２Ｈ
51593,１２Ｈ
55182,１２Ｈ
38411,１２Ｈ
59426,１２Ｈ
59427,１２Ｈ
59428,１２Ｈ
59429,１２Ｈ
55785,１２Ｈ
55786,１２Ｈ
55756,１２Ｈ
55640,１２Ｈ
55641,１２Ｈ
55626,１２Ｈ
52378,１２Ｈ
52379,１２Ｈ
52380,１２Ｈ
52381,１２Ｈ
52309,１２Ｈ
40645,１２Ｈ
40646,１２Ｈ
40669,１２Ｈ
40670,１２Ｈ
45725,１２Ｈ
56849,１２Ｈ
56850,１２Ｈ
38408,１２Ｈ
38530,１２Ｈ
38552,１２Ｈ
50643,１２Ｈ
48952,１２Ｈ
49047,１２Ｈ
48991,１２Ｈ
49068,１２Ｈ
48992,１２Ｈ
49069,１２Ｈ
50698,１２Ｈ
38415,１２Ｈ
38416,１２Ｈ
38417,１２Ｈ
38418,１２Ｈ
38419,１２Ｈ
38478,１２Ｈ
45132,１２Ｈ
8235,１２Ｈ
8706,１２Ｈ
22731,１２Ｈ
13403,１２Ｈ
46319,１２Ｈ
54065,１２Ｈ
54042,１２Ｈ
51607,１２Ｈ
46787,１２Ｈ
48077,１２Ｈ
48078,１２Ｈ
54025,１２Ｈ
58386,１２Ｈ
38595,１２Ｈ
56506,１２Ｈ
36348,１２Ｈ
38404,１２Ｈ
38403,１２Ｈ
52674,１２Ｈ
52675,１２Ｈ
52676,１２Ｈ
52677,１２Ｈ
52678,１２Ｈ
52679,１２Ｈ
52769,１２Ｈ
55089,１２Ｈ
55090,１２Ｈ
55091,１２Ｈ
55039,１２Ｈ
46570,１２Ｈ
46571,１２Ｈ
48762,１２Ｈ
48763,１２Ｈ
47354,１２Ｈ
48675,１２Ｈ
48676,１２Ｈ
48677,１２Ｈ
48678,１２Ｈ
48611,１２Ｈ
38541,１２Ｈ
57236,１２Ｈ
52441,１２Ｈ
52156,１２Ｈ
52157,１２Ｈ
38479,１２Ｈ
38506,１２Ｈ
38505,１２Ｈ
38502,１２Ｈ
38503,１２Ｈ
38507,１２Ｈ
50821,１２Ｈ
45666,１２Ｈ
48444,１２Ｈ
57381,１２Ｈ
32945,１２Ｈ
32949,１２Ｈ
38509,１２Ｈ
38510,１２Ｈ
38508,１２Ｈ
50822,１２Ｈ
50827,１２Ｈ
50830,１２Ｈ
56653,１２Ｈ
56654,１２Ｈ
56655,１２Ｈ
54095,１２Ｈ
50833,休み
50832,休み
56541,１２Ｈ
40683,１２Ｈ
38594,１２Ｈ
51101,１２Ｈ
11764,１２Ｈ
38542,１２Ｈ
38547,１２Ｈ
38543,１２Ｈ
38544,１２Ｈ
38545,１２Ｈ
38546,１２Ｈ
38600,１２Ｈ
53900,１２Ｈ
49366,休み
55341,１２Ｈ
37962,休み
37804,休み
51381,１２Ｈ
49677,１２Ｈ
49678,１２Ｈ
48419,１２Ｈ
48420,１２Ｈ
38865,１２Ｈ
38866,１２Ｈ
39582,休み
39583,休み
39592,１２Ｈ
39593,１２Ｈ
39600,休み
39601,休み
46650,１２Ｈ
38701,休み
40675,１２Ｈ
57533,休み
57534,休み
57535,休み
57536,休み
57473,１２Ｈ
57474,１２Ｈ
57475,１２Ｈ
57476,１２Ｈ
57097,１２Ｈ
57098,１２Ｈ
57083,１２Ｈ
56193,休み
56169,休み
3843,１２Ｈ（催事）
56887,１２Ｈ（催事）
56907,１２Ｈ（催事）
56881,１２Ｈ（催事）
56923,１２Ｈ（催事）
56929,１２Ｈ（催事）
56895,１２Ｈ（催事）
56896,１２Ｈ（催事）
118,１２Ｈ（催事）
56903,１２Ｈ（催事）
56920,１２Ｈ（催事）
56879,１２Ｈ（催事）
56885,１２Ｈ（催事）
56894,１２Ｈ（催事）
56892,１２Ｈ（催事）
56868,休み
56901,１２Ｈ（催事）
56928,１２Ｈ（催事）
56921,１２Ｈ（催事）
56938,休み
56939,休み
49367,休み
54230,１２Ｈ
54231,１２Ｈ
54232,１２Ｈ
54233,１２Ｈ
54229,１２Ｈ
53790,１２Ｈ
53791,１２Ｈ
53794,１２Ｈ
53795,１２Ｈ
37581,１２Ｈ
37582,１２Ｈ
37594,休み
59109,１２Ｈ
59110,１２Ｈ
59111,１２Ｈ
59112,１２Ｈ
7362,休み
39975,１２Ｈ
50280,休み
50281,休み
50282,休み
50283,休み
20201,休み
20207,休み
20508,休み
20509,休み
21511,１２Ｈ
21512,１２Ｈ
56114,１２Ｈ
56115,１２Ｈ
56116,１２Ｈ
56117,１２Ｈ
33812,１２Ｈ
46952,１２Ｈ
46951,１２Ｈ
26383,１２Ｈ
39865,１２Ｈ
35908,１２Ｈ
35656,１２Ｈ
39866,１２Ｈ
39869,１２Ｈ
39873,１２Ｈ
35337,１２Ｈ
35417,休み
35855,１２Ｈ
39872,１２Ｈ
39871,１２Ｈ
39868,１２Ｈ
39846,１２Ｈ
35880,１２Ｈ
35888,休み
35825,１２Ｈ
39867,１２Ｈ
35667,休み
35881,１２Ｈ
10954,１２Ｈ
10953,１２Ｈ
6772,１２Ｈ
8907,１２Ｈ
8908,１２Ｈ
7059,１２Ｈ
6786,１２Ｈ
6780,１２Ｈ
6787,１２Ｈ
6773,１２Ｈ
7058,１２Ｈ
6781,１２Ｈ
46874,１２Ｈ
46875,１２Ｈ
46871,１２Ｈ
46870,１２Ｈ
16346,１２Ｈ
16347,１２Ｈ
13068,１２Ｈ
13070,１２Ｈ
13071,１２Ｈ
13067,１２Ｈ
13065,１２Ｈ
13072,１２Ｈ
13069,１２Ｈ
13066,１２Ｈ
22754,１２Ｈ
33780,１２Ｈ
39876,１２Ｈ
39884,１２Ｈ
39894,１２Ｈ
39889,１２Ｈ
39895,１２Ｈ
39878,１２Ｈ
39875,１２Ｈ
39877,１２Ｈ
33776,１２Ｈ
33778,１２Ｈ
39890,１２Ｈ
39885,１２Ｈ
39881,１２Ｈ
39887,１２Ｈ
39891,１２Ｈ
39879,１２Ｈ
39919,１２Ｈ
39921,１２Ｈ
39920,１２Ｈ
39923,１２Ｈ
46867,１２Ｈ
46864,１２Ｈ
50613,１２Ｈ
51986,１２Ｈ
51987,１２Ｈ
51988,１２Ｈ
39937,１２Ｈ
39946,１２Ｈ
31271,１２Ｈ
31273,１２Ｈ
31275,１２Ｈ
31276,１２Ｈ
31280,１２Ｈ
31282,１２Ｈ
31405,１２Ｈ
31408,１２Ｈ
31409,１２Ｈ
31413,１２Ｈ
31414,１２Ｈ
35457,１２Ｈ
35459,１２Ｈ
35460,１２Ｈ
35461,１２Ｈ
35465,１２Ｈ
35466,１２Ｈ
35467,１２Ｈ
35468,１２Ｈ
35470,１２Ｈ
35472,１２Ｈ
35473,１２Ｈ
35474,１２Ｈ
35475,１２Ｈ
35476,１２Ｈ
35477,１２Ｈ
35478,１２Ｈ
37609,１２Ｈ
37611,１２Ｈ
37612,１２Ｈ
40040,１２Ｈ
40041,１２Ｈ
40043,１２Ｈ
40046,１２Ｈ
40054,１２Ｈ
40055,１２Ｈ
40056,１２Ｈ
40058,１２Ｈ
40059,１２Ｈ
40062,１２Ｈ
40066,１２Ｈ
40068,１２Ｈ
40070,１２Ｈ
40076,１２Ｈ
54363,１２Ｈ
54364,１２Ｈ
50794,１２Ｈ
50795,１２Ｈ
50796,１２Ｈ
50797,１２Ｈ
50798,１２Ｈ
50799,１２Ｈ
50800,１２Ｈ
52867,１２Ｈ
52868,１２Ｈ
53960,１２Ｈ
35682,１２Ｈ
35683,１２Ｈ
35846,１２Ｈ
39940,１２Ｈ
39941,１２Ｈ
30538,１２Ｈ
30539,１２Ｈ
52036,１２Ｈ
52049,１２Ｈ
52050,１２Ｈ
52051,１２Ｈ
35921,１２Ｈ
35923,１２Ｈ
39724,１２Ｈ
39943,１２Ｈ
39944,１２Ｈ
39945,１２Ｈ
35941,１２Ｈ
35942,１２Ｈ
35944,１２Ｈ
35946,１２Ｈ
35947,１２Ｈ
36002,１２Ｈ
39952,１２Ｈ
39953,１２Ｈ
47719,１２Ｈ
47720,１２Ｈ
39951,１２Ｈ
30888,１２Ｈ
30889,１２Ｈ
30890,１２Ｈ
30891,１２Ｈ
57599,１２Ｈ
34193,休み
40027,１２Ｈ
40028,１２Ｈ
51580,休み
51594,休み
51596,１２Ｈ
55183,１２Ｈ
55184,１２Ｈ
38513,休み
38514,休み
27478,休み
40029,１２Ｈ
26881,休み
46800,１２Ｈ
55787,１２Ｈ
55788,１２Ｈ
55757,１２Ｈ
26866,１２Ｈ
31199,休み
55642,１２Ｈ
55643,１２Ｈ
55644,１２Ｈ
55645,１２Ｈ
55627,休み
55628,１２Ｈ
52336,休み
52337,休み
52382,休み
52383,休み
52384,休み
52385,休み
52386,１２Ｈ
52387,１２Ｈ
52388,１２Ｈ
52389,１２Ｈ
52297,休み
52310,休み
52311,１２Ｈ
26413,休み
36452,１２Ｈ
32394,１２Ｈ
38612,休み
38613,休み
45122,１２Ｈ
45125,１２Ｈ
26428,休み
36459,１２Ｈ
56853,１２Ｈ
56854,１２Ｈ
56855,１２Ｈ
40026,１２Ｈ
30863,１２Ｈ
27150,休み
36573,１２Ｈ
30808,休み
31029,休み
36576,１２Ｈ
49469,休み
28694,１２Ｈ
39995,１２Ｈ
39996,１２Ｈ
32992,１２Ｈ
36598,１２Ｈ
36615,１２Ｈ
34682,１２Ｈ
36804,１２Ｈ
36805,１２Ｈ
36806,１２Ｈ
39987,１２Ｈ
39988,１２Ｈ
40155,１２Ｈ
40156,１２Ｈ
46784,１２Ｈ
46785,１２Ｈ
20291,１２Ｈ
20292,１２Ｈ
20293,１２Ｈ
20294,１２Ｈ
24437,１２Ｈ
40104,１２Ｈ
57364,１２Ｈ
57365,１２Ｈ
32062,１２Ｈ
39989,１２Ｈ
39990,１２Ｈ
39991,１２Ｈ
39992,１２Ｈ
49049,１２Ｈ
49004,１２Ｈ
49072,１２Ｈ
49006,１２Ｈ
49073,１２Ｈ
21492,１２Ｈ
36247,１２Ｈ
36249,１２Ｈ
36250,１２Ｈ
50707,１２Ｈ
50709,休み
24800,１２Ｈ（催事）
24801,１２Ｈ（催事）
30945,１２Ｈ
30946,１２Ｈ
30950,１２Ｈ
30951,１２Ｈ
29263,１２Ｈ
51633,１２Ｈ
51634,１２Ｈ
51632,１２Ｈ
36928,１２Ｈ
36390,１２Ｈ（催事）
30403,１２Ｈ
27477,１２Ｈ
51007,１２Ｈ
55280,１２Ｈ
55281,１２Ｈ
39901,１２Ｈ
49093,１２Ｈ
47189,１２Ｈ
47190,１２Ｈ
52007,１２Ｈ
37462,１２Ｈ
49087,１２Ｈ
55961,１２Ｈ
55962,１２Ｈ
51822,１２Ｈ
48027,１２Ｈ
48028,１２Ｈ
58388,１２Ｈ
58389,１２Ｈ
33570,１２Ｈ
50355,休み
56508,１２Ｈ
21432,休み
34706,休み
40012,１２Ｈ
40013,１２Ｈ
40014,１２Ｈ
40015,１２Ｈ
40016,１２Ｈ
40017,１２Ｈ
56230,休み
52680,１２Ｈ
52681,１２Ｈ
52682,１２Ｈ
52683,１２Ｈ
52736,１２Ｈ
52737,１２Ｈ
52738,１２Ｈ
52739,１２Ｈ
52740,休み
52741,休み
52770,休み
52771,１２Ｈ
54880,１２Ｈ
54881,１２Ｈ
54882,１２Ｈ
54883,１２Ｈ
54884,１２Ｈ
54885,１２Ｈ
54886,１２Ｈ
54887,１２Ｈ
54828,１２Ｈ
54829,１２Ｈ
55197,１２Ｈ
55198,１２Ｈ
55199,１２Ｈ
55196,１２Ｈ
39528,１２Ｈ
52897,休み
52898,休み
52909,１２Ｈ
52910,１２Ｈ
48297,１２Ｈ
48298,１２Ｈ
48299,１２Ｈ
48742,１２Ｈ
48743,１２Ｈ
48744,１２Ｈ
48265,１２Ｈ
48728,１２Ｈ
46600,１２Ｈ
46601,１２Ｈ
46604,休み
46605,休み
46608,１２Ｈ
46609,１２Ｈ
46610,１２Ｈ
46611,１２Ｈ
46612,休み
46613,休み
46614,１２Ｈ
46615,１２Ｈ
50384,休み
50385,休み
46544,休み
47355,１２Ｈ
48679,休み
48680,休み
48681,休み
48682,休み
48683,休み
48684,休み
48685,１２Ｈ
48686,１２Ｈ
48687,１２Ｈ
48688,１２Ｈ
48689,１２Ｈ
48690,１２Ｈ
48612,休み
48613,１２Ｈ
6690,休み
57237,休み
57238,１２Ｈ
59214,休み
52442,休み
52443,１２Ｈ
36108,休み
40004,１２Ｈ
34592,休み
39999,１２Ｈ
40002,１２Ｈ
39998,１２Ｈ
40000,１２Ｈ
52158,休み
52159,休み
52160,１２Ｈ
52161,１２Ｈ
11022,休み
8694,休み
56237,休み
56303,休み
56304,休み
13437,休み
11249,休み
13001,休み
13619,休み
25662,休み
25660,休み
24810,休み
25663,休み
24808,休み
24809,休み
39932,１２Ｈ
37498,１２Ｈ
35744,１２Ｈ
35645,１２Ｈ
39844,１２Ｈ
39845,１２Ｈ
36662,１２Ｈ
36778,１２Ｈ
36820,１２Ｈ
37539,１２Ｈ
39912,１２Ｈ
39913,１２Ｈ
39843,１２Ｈ
39914,１２Ｈ
39933,１２Ｈ
37338,休み
39854,１２Ｈ
37326,休み
39853,１２Ｈ
39855,１２Ｈ
39856,１２Ｈ
39863,１２Ｈ
39864,１２Ｈ
39851,１２Ｈ
39852,１２Ｈ
36657,１２Ｈ
39900,１２Ｈ
55388,１２Ｈ
36660,１２Ｈ
47020,１２Ｈ
47074,１２Ｈ
47075,１２Ｈ
36670,１２Ｈ
40131,１２Ｈ
56474,１２Ｈ
39857,１２Ｈ
39931,１２Ｈ
27443,１２Ｈ
45668,１２Ｈ
48446,１２Ｈ
36891,１２Ｈ
39915,１２Ｈ
39929,１２Ｈ
39918,１２Ｈ
39874,１２Ｈ
36043,１２Ｈ
39892,１２Ｈ
22752,１２Ｈ
39888,１２Ｈ
6795,１２Ｈ
36044,１２Ｈ
36427,１２Ｈ
39927,１２Ｈ
38631,１２Ｈ
38630,１２Ｈ
39833,１２Ｈ
39835,１２Ｈ
39834,１２Ｈ
39934,１２Ｈ
39859,１２Ｈ
39836,１２Ｈ
39839,１２Ｈ
39840,１２Ｈ
37305,１２Ｈ
49456,１２Ｈ
37487,１２Ｈ
37489,１２Ｈ
37492,１２Ｈ
37493,１２Ｈ
37494,１２Ｈ
37495,１２Ｈ
37496,１２Ｈ
37497,１２Ｈ
40018,１２Ｈ
40019,１２Ｈ
35832,休み
40020,１２Ｈ
40132,１２Ｈ
40133,１２Ｈ
40134,１２Ｈ
40135,１２Ｈ
29159,１２Ｈ
40137,１２Ｈ
56689,１２Ｈ
56690,１２Ｈ
54097,１２Ｈ
36885,１２Ｈ
36887,休み
36888,１２Ｈ
36889,１２Ｈ
40142,１２Ｈ
49851,休み
35387,１２Ｈ
56543,１２Ｈ
40685,１２Ｈ
46801,１２Ｈ
53076,１２Ｈ（催事）
33571,１２Ｈ
55845,１２Ｈ
56989,１２Ｈ
9825,休み
56127,１２Ｈ
24491,１２Ｈ（催事）
24492,１２Ｈ（催事）
20538,１２Ｈ（催事）
37306,休み
39930,１２Ｈ
56238,休み
40143,１２Ｈ
40107,休み
40008,１２Ｈ
40009,１２Ｈ
56248,休み
34703,休み
34704,休み
35126,休み
37927,休み
37928,休み
32966,休み
55904,１２Ｈ
53985,１２Ｈ
56250,休み
40010,１２Ｈ
40011,１２Ｈ
5554,休み
10745,休み
35109,１２Ｈ
40006,１２Ｈ
40007,１２Ｈ
37730,１２Ｈ（２Ｆ）
37732,１２Ｈ（２Ｆ）
55336,１２Ｈ（２Ｆ）
37848,１２Ｈ（２Ｆ）
37851,１２Ｈ（２Ｆ）
37741,１２Ｈ（２Ｆ）
37742,１２Ｈ（２Ｆ）
37759,１２Ｈ（２Ｆ）
37760,１２Ｈ（２Ｆ）
51414,１２Ｈ（２Ｆ）
51415,１２Ｈ（２Ｆ）
51416,１２Ｈ（２Ｆ）
51417,１２Ｈ（２Ｆ）
37568,１２Ｈ（２Ｆ）
37940,１２Ｈ（２Ｆ）
37941,１２Ｈ（２Ｆ）
38241,１２Ｈ（２Ｆ）
48399,１２Ｈ（２Ｆ）
48400,１２Ｈ（２Ｆ）
48398,１２Ｈ（２Ｆ）
48401,１２Ｈ（２Ｆ）
48402,１２Ｈ（２Ｆ）
48403,１２Ｈ（２Ｆ）
38899,１２Ｈ（２Ｆ）
38900,１２Ｈ（２Ｆ）
38901,１２Ｈ（２Ｆ）
38902,１２Ｈ（２Ｆ）
38903,１２Ｈ（２Ｆ）
38904,１２Ｈ（２Ｆ）
39594,１２Ｈ（２Ｆ）
39595,１２Ｈ（２Ｆ）
46645,１２Ｈ（２Ｆ）
38733,１２Ｈ（２Ｆ）
37936,１２Ｈ（１Ｆ）
37937,１２Ｈ（１Ｆ）
57517,１２Ｈ（２Ｆ）
57518,１２Ｈ（２Ｆ）
57519,１２Ｈ（２Ｆ）
57520,１２Ｈ（２Ｆ）
57521,１２Ｈ（２Ｆ）
57522,１２Ｈ（２Ｆ）
57523,１２Ｈ（２Ｆ）
57524,１２Ｈ（２Ｆ）
57093,１２Ｈ（２Ｆ）
57094,１２Ｈ（２Ｆ）
57095,１２Ｈ（２Ｆ）
57096,１２Ｈ（２Ｆ）
57082,１２Ｈ（２Ｆ）
21874,１２Ｈ（２Ｆ）
22019,１２Ｈ（２Ｆ）
45410,１２Ｈ（２Ｆ）
45411,１２Ｈ（２Ｆ）
38079,１２Ｈ（２Ｆ）
38080,１２Ｈ（２Ｆ）
38081,１２Ｈ（２Ｆ）
38213,１２Ｈ（２Ｆ）
38266,１２Ｈ（２Ｆ）
54203,１２Ｈ（２Ｆ）
54204,１２Ｈ（２Ｆ）
54205,１２Ｈ（２Ｆ）
54206,１２Ｈ（２Ｆ）
57287,１２Ｈ（２Ｆ）
58300,１２Ｈ（２Ｆ）
57296,１２Ｈ（２Ｆ）
57297,１２Ｈ（２Ｆ）
57298,１２Ｈ（２Ｆ）
58301,１２Ｈ（２Ｆ）
58302,１２Ｈ（２Ｆ）
58303,１２Ｈ（２Ｆ）
53546,１２Ｈ（２Ｆ）
53547,１２Ｈ（２Ｆ）
53548,１２Ｈ（２Ｆ）
53549,１２Ｈ（２Ｆ）
53550,１２Ｈ（２Ｆ）
53551,１２Ｈ（２Ｆ）
53552,１２Ｈ（２Ｆ）
53553,１２Ｈ（２Ｆ）
53554,１２Ｈ（２Ｆ）
53555,１２Ｈ（２Ｆ）
53556,１２Ｈ（２Ｆ）
53557,１２Ｈ（２Ｆ）
53558,１２Ｈ（２Ｆ）
53559,１２Ｈ（２Ｆ）
53560,１２Ｈ（２Ｆ）
53561,１２Ｈ（２Ｆ）
53404,１２Ｈ（２Ｆ）
53405,１２Ｈ（２Ｆ）
37840,１２Ｈ（２Ｆ）
53814,１２Ｈ（１Ｆ）
53815,１２Ｈ（１Ｆ）
53913,１２Ｈ（１Ｆ）
53872,休み
57342,１２Ｈ（２Ｆ）
54420,休み
37589,１２Ｈ（２Ｆ）
37597,１２Ｈ（２Ｆ）
59145,１２Ｈ（２Ｆ）
59146,１２Ｈ（２Ｆ）
59147,１２Ｈ（２Ｆ）
59148,１２Ｈ（２Ｆ）
37632,１２Ｈ（２Ｆ）
50270,１２Ｈ（２Ｆ）
50271,１２Ｈ（２Ｆ）
50272,１２Ｈ（２Ｆ）
50273,１２Ｈ（２Ｆ）
50274,１２Ｈ（２Ｆ）
50275,１２Ｈ（２Ｆ）
50598,１２Ｈ（１Ｆ）
50599,１２Ｈ（１Ｆ）
31295,１２Ｈ（１Ｆ）
31296,１２Ｈ（１Ｆ）
31297,１２Ｈ（１Ｆ）
31298,１２Ｈ（１Ｆ）
31422,１２Ｈ（１Ｆ）
31423,１２Ｈ（１Ｆ）
31424,１２Ｈ（１Ｆ）
31425,１２Ｈ（１Ｆ）
31426,１２Ｈ（１Ｆ）
31427,１２Ｈ（１Ｆ）
31428,１２Ｈ（１Ｆ）
31429,１２Ｈ（１Ｆ）
31430,１２Ｈ（１Ｆ）
31431,１２Ｈ（１Ｆ）
31432,１２Ｈ（１Ｆ）
31433,１２Ｈ（１Ｆ）
35443,１２Ｈ（１Ｆ）
35448,１２Ｈ（１Ｆ）
35479,１２Ｈ（１Ｆ）
35480,１２Ｈ（１Ｆ）
35481,１２Ｈ（１Ｆ）
35482,１２Ｈ（１Ｆ）
35483,１２Ｈ（１Ｆ）
35484,１２Ｈ（１Ｆ）
35485,１２Ｈ（１Ｆ）
35486,１２Ｈ（１Ｆ）
35487,１２Ｈ（１Ｆ）
35488,１２Ｈ（１Ｆ）
35489,１２Ｈ（１Ｆ）
35490,１２Ｈ（１Ｆ）
35491,１２Ｈ（１Ｆ）
35492,１２Ｈ（１Ｆ）
35493,１２Ｈ（１Ｆ）
35494,１２Ｈ（１Ｆ）
35495,１２Ｈ（１Ｆ）
35527,１２Ｈ（１Ｆ）
35532,１２Ｈ（１Ｆ）
38058,１２Ｈ（１Ｆ）
38059,１２Ｈ（１Ｆ）
38060,１２Ｈ（１Ｆ）
38061,１２Ｈ（１Ｆ）
38062,１２Ｈ（１Ｆ）
38063,１２Ｈ（１Ｆ）
38064,１２Ｈ（１Ｆ）
38065,１２Ｈ（１Ｆ）
38066,１２Ｈ（１Ｆ）
38067,１２Ｈ（１Ｆ）
38068,１２Ｈ（１Ｆ）
38069,１２Ｈ（１Ｆ）
38070,１２Ｈ（１Ｆ）
38071,１２Ｈ（１Ｆ）
38072,１２Ｈ（１Ｆ）
38073,１２Ｈ（１Ｆ）
38074,１２Ｈ（１Ｆ）
38075,１２Ｈ（１Ｆ）
38076,１２Ｈ（１Ｆ）
38077,１２Ｈ（１Ｆ）
54357,１２Ｈ（１Ｆ）
54358,１２Ｈ（１Ｆ）
54474,１２Ｈ（１Ｆ）
54475,１２Ｈ（１Ｆ）
50767,１２Ｈ（１Ｆ）
50768,１２Ｈ（１Ｆ）
52857,１２Ｈ（１Ｆ）
52858,１２Ｈ（１Ｆ）
53953,１２Ｈ（１Ｆ）
53954,１２Ｈ（１Ｆ）
52043,１２Ｈ（１Ｆ）
17800,１２Ｈ（１Ｆ）
58458,１２Ｈ（１Ｆ）
57594,１２Ｈ（１Ｆ）
36407,１２Ｈ（１Ｆ）
36408,１２Ｈ（１Ｆ）
51589,１２Ｈ（１Ｆ）
51595,１２Ｈ（１Ｆ）
55178,１２Ｈ（１Ｆ）
39993,１２Ｈ（１Ｆ）
39994,１２Ｈ（１Ｆ）
36487,１２Ｈ（１Ｆ）
36503,１２Ｈ（１Ｆ）
36504,１２Ｈ（１Ｆ）
59414,１２Ｈ（１Ｆ）
59415,１２Ｈ（１Ｆ）
59416,１２Ｈ（１Ｆ）
59417,１２Ｈ（１Ｆ）
55769,１２Ｈ（１Ｆ）
55770,１２Ｈ（１Ｆ）
55771,１２Ｈ（１Ｆ）
55772,１２Ｈ（１Ｆ）
55754,１２Ｈ（１Ｆ）
35189,１２Ｈ（１Ｆ）
35190,１２Ｈ（１Ｆ）
55665,１２Ｈ（１Ｆ）
55666,１２Ｈ（１Ｆ）
55667,１２Ｈ（１Ｆ）
55621,１２Ｈ（１Ｆ）
55622,１２Ｈ（１Ｆ）
52364,１２Ｈ（１Ｆ）
52365,１２Ｈ（１Ｆ）
52366,１２Ｈ（１Ｆ）
52367,１２Ｈ（１Ｆ）
52368,１２Ｈ（１Ｆ）
52369,１２Ｈ（１Ｆ）
53934,１２Ｈ（１Ｆ）
53935,１２Ｈ（１Ｆ）
52305,１２Ｈ（１Ｆ）
52306,１２Ｈ（１Ｆ）
36518,１２Ｈ（１Ｆ）
40635,１２Ｈ（１Ｆ）
40636,１２Ｈ（１Ｆ）
40663,１２Ｈ（１Ｆ）
40664,１２Ｈ（１Ｆ）
40665,１２Ｈ（１Ｆ）
40666,１２Ｈ（１Ｆ）
45219,１２Ｈ（１Ｆ）
45654,１２Ｈ（１Ｆ）
56839,１２Ｈ（１Ｆ）
56840,１２Ｈ（１Ｆ）
56841,１２Ｈ（１Ｆ）
56842,１２Ｈ（１Ｆ）
56843,１２Ｈ（１Ｆ）
36555,１２Ｈ（１Ｆ）
36557,１２Ｈ（１Ｆ）
36587,１２Ｈ（１Ｆ）
36588,１２Ｈ（１Ｆ）
36589,１２Ｈ（１Ｆ）
36590,１２Ｈ（１Ｆ）
36591,１２Ｈ（１Ｆ）
36592,１２Ｈ（１Ｆ）
53874,休み
53875,休み
53876,休み
53873,休み
58580,１２Ｈ（１Ｆ）
50645,１２Ｈ（１Ｆ）
50708,１２Ｈ（１Ｆ）
36255,１２Ｈ（１Ｆ）
36268,１２Ｈ（１Ｆ）
36269,１２Ｈ（１Ｆ）
36270,１２Ｈ（１Ｆ）
36267,１２Ｈ（１Ｆ）
36950,１２Ｈ（１Ｆ）
56504,１２Ｈ（１Ｆ）
52726,１２Ｈ（２Ｆ）
52727,１２Ｈ（２Ｆ）
52728,１２Ｈ（２Ｆ）
52729,１２Ｈ（２Ｆ）
52730,１２Ｈ（２Ｆ）
52731,１２Ｈ（２Ｆ）
52732,１２Ｈ（２Ｆ）
52733,１２Ｈ（２Ｆ）
52734,１２Ｈ（２Ｆ）
52735,１２Ｈ（２Ｆ）
52766,１２Ｈ（１Ｆ）
53005,１２Ｈ（１Ｆ）
54806,１２Ｈ（１Ｆ）
54807,１２Ｈ（１Ｆ）
54808,１２Ｈ（１Ｆ）
54809,１２Ｈ（１Ｆ）
54810,１２Ｈ（１Ｆ）
54811,１２Ｈ（１Ｆ）
54812,１２Ｈ（１Ｆ）
54813,１２Ｈ（１Ｆ）
54798,１２Ｈ（１Ｆ）
55080,１２Ｈ（２Ｆ）
55081,１２Ｈ（２Ｆ）
55082,１２Ｈ（２Ｆ）
55083,１２Ｈ（２Ｆ）
55084,１２Ｈ（２Ｆ）
55085,１２Ｈ（２Ｆ）
55036,１２Ｈ（２Ｆ）
55037,１２Ｈ（２Ｆ）
39538,１２Ｈ（１Ｆ）
52905,１２Ｈ（１Ｆ）
52906,１２Ｈ（１Ｆ）
48315,１２Ｈ（２Ｆ）
48316,１２Ｈ（２Ｆ）
48317,１２Ｈ（２Ｆ）
48736,１２Ｈ（２Ｆ）
48737,１２Ｈ（２Ｆ）
48738,１２Ｈ（２Ｆ）
48259,１２Ｈ（２Ｆ）
48726,１２Ｈ（２Ｆ）
46588,１２Ｈ（２Ｆ）
46589,１２Ｈ（２Ｆ）
46590,１２Ｈ（２Ｆ）
46591,１２Ｈ（２Ｆ）
48123,１２Ｈ（２Ｆ）
48124,１２Ｈ（２Ｆ）
48125,１２Ｈ（２Ｆ）
48126,１２Ｈ（２Ｆ）
46539,１２Ｈ（２Ｆ）
48659,１２Ｈ（１Ｆ）
48660,１２Ｈ（１Ｆ）
48661,１２Ｈ（１Ｆ）
48662,１２Ｈ（１Ｆ）
48663,１２Ｈ（１Ｆ）
48664,１２Ｈ（１Ｆ）
48665,１２Ｈ（１Ｆ）
48666,１２Ｈ（１Ｆ）
48608,１２Ｈ（１Ｆ）
49104,１２Ｈ（１Ｆ）
36053,１２Ｈ（１Ｆ）
57233,１２Ｈ（２Ｆ）
57337,１２Ｈ（２Ｆ）
52438,１２Ｈ（１Ｆ）
53942,１２Ｈ（１Ｆ）
36118,１２Ｈ（２Ｆ）
36122,１２Ｈ（１Ｆ）
36119,１２Ｈ（１Ｆ）
36085,１２Ｈ（１Ｆ）
56471,１２Ｈ（１Ｆ）
38641,１２Ｈ（１Ｆ）
38642,１２Ｈ（１Ｆ）
56684,１２Ｈ（１Ｆ）
56685,１２Ｈ（１Ｆ）
56539,１２Ｈ（１Ｆ）
35206,１２Ｈ（１Ｆ）
39374,１２Ｈ（１Ｆ）
39375,１２Ｈ（１Ｆ）
35119,１２Ｈ（１Ｆ）
35027,１２Ｈ（１Ｆ）
35130,１２Ｈ（２Ｆ）
53904,１２Ｈ（１Ｆ）
35111,１２Ｈ（１Ｆ）
35114,１２Ｈ（２Ｆ）
35115,１２Ｈ（１Ｆ）
55327,１２Ｈ
31803,１２Ｈ
31804,１２Ｈ
51328,１２Ｈ
51329,１２Ｈ
51330,１２Ｈ
51331,１２Ｈ
30593,休み
30594,休み
48360,休み
48408,１２Ｈ
48409,１２Ｈ
48410,１２Ｈ
38861,１２Ｈ
38862,１２Ｈ
38863,１２Ｈ
38864,１２Ｈ
38910,１２Ｈ
38911,１２Ｈ
39588,１２Ｈ
39589,１２Ｈ
46637,１２Ｈ
38704,休み
38700,１２Ｈ
10850,休み
17629,休み
57489,１２Ｈ
57490,１２Ｈ
57491,１２Ｈ
57492,１２Ｈ
21859,１２Ｈ
22005,１２Ｈ
45314,休み
45315,休み
45316,休み
45317,休み
45318,休み
45319,休み
45320,休み
45321,休み
27382,１２Ｈ
27385,休み
30913,１２Ｈ
54179,２４Ｈ
54180,２４Ｈ
54181,２４Ｈ
54182,２４Ｈ
57651,２４Ｈ
57652,２４Ｈ
53430,２４Ｈ
53431,２４Ｈ
53432,２４Ｈ
53433,２４Ｈ
53434,２４Ｈ
53435,２４Ｈ
53436,２４Ｈ
53437,２４Ｈ
53438,２４Ｈ
53439,２４Ｈ
53440,２４Ｈ
53441,２４Ｈ
53574,２４Ｈ
53575,２４Ｈ
53576,２４Ｈ
53577,２４Ｈ
53386,２４Ｈ
53387,２４Ｈ
53862,休み
35377,１２Ｈ
28106,休み
28107,休み
28110,休み
59125,１２Ｈ
59126,１２Ｈ
59127,１２Ｈ
59128,１２Ｈ
21504,２４Ｈ
50206,２４Ｈ
50207,２４Ｈ
50208,２４Ｈ
50209,２４Ｈ
50210,２４Ｈ
50211,２４Ｈ
50212,２４Ｈ
50213,２４Ｈ
50214,１２Ｈ
50215,１２Ｈ
20505,休み
6749,１２Ｈ
25755,１２Ｈ
25756,１２Ｈ
21470,１２Ｈ
21471,１２Ｈ
22712,１２Ｈ
9206,１２Ｈ
7591,１２Ｈ
7605,１２Ｈ
7611,１２Ｈ
7598,１２Ｈ
7597,１２Ｈ
7086,１２Ｈ
7612,１２Ｈ
7067,１２Ｈ
7607,１２Ｈ
9207,２４Ｈ
7606,１２Ｈ
7861,１２Ｈ
7087,１２Ｈ
7072,１２Ｈ
7594,１２Ｈ
6770,２４Ｈ
7593,１２Ｈ
7592,１２Ｈ
7066,１２Ｈ
7081,１２Ｈ
7080,１２Ｈ
7608,１２Ｈ
7073,１２Ｈ
9208,２４Ｈ
6771,２４Ｈ
7860,１２Ｈ
16904,１２Ｈ
16345,１２Ｈ
16900,１２Ｈ
16344,１２Ｈ
16913,１２Ｈ
16901,１２Ｈ
16902,１２Ｈ
16905,１２Ｈ
16911,１２Ｈ
16908,１２Ｈ
16912,１２Ｈ
16909,１２Ｈ
16903,１２Ｈ
16910,１２Ｈ
16916,１２Ｈ
16917,１２Ｈ
1527,１２Ｈ
1528,１２Ｈ
9270,１２Ｈ
9269,１２Ｈ
55800,１２Ｈ
37260,１２Ｈ
36102,１２Ｈ
36091,１２Ｈ
36048,１２Ｈ
18241,１２Ｈ
18240,１２Ｈ
7619,１２Ｈ
7614,１２Ｈ
7616,１２Ｈ
7618,１２Ｈ
7613,１２Ｈ
7617,１２Ｈ
6814,１２Ｈ
6815,１２Ｈ
50573,１２Ｈ
50574,１２Ｈ
51973,１２Ｈ
51974,１２Ｈ
30328,１２Ｈ
29731,１２Ｈ
29732,１２Ｈ
29733,１２Ｈ
29734,１２Ｈ
29735,１２Ｈ
29736,１２Ｈ
29737,１２Ｈ
29738,１２Ｈ
30106,１２Ｈ
30107,１２Ｈ
30108,１２Ｈ
30109,１２Ｈ
30110,１２Ｈ
30111,１２Ｈ
31259,１２Ｈ
31260,１２Ｈ
31261,１２Ｈ
31262,１２Ｈ
31263,１２Ｈ
31264,１２Ｈ
31265,１２Ｈ
31266,１２Ｈ
31267,１２Ｈ
31268,１２Ｈ
31269,１２Ｈ
31270,１２Ｈ
31398,１２Ｈ
31399,１２Ｈ
31400,１２Ｈ
31401,１２Ｈ
31402,１２Ｈ
31403,１２Ｈ
33126,１２Ｈ
33127,１２Ｈ
33513,１２Ｈ
33514,１２Ｈ
33515,１２Ｈ
33516,１２Ｈ
33517,１２Ｈ
33518,１２Ｈ
33519,１２Ｈ
33520,１２Ｈ
33521,１２Ｈ
33522,１２Ｈ
33523,１２Ｈ
33524,１２Ｈ
34272,１２Ｈ
34273,１２Ｈ
34274,１２Ｈ
34275,１２Ｈ
34276,１２Ｈ
34277,１２Ｈ
39651,１２Ｈ
39661,１２Ｈ
39662,１２Ｈ
39663,１２Ｈ
39664,１２Ｈ
39665,１２Ｈ
39666,１２Ｈ
39667,１２Ｈ
39669,１２Ｈ
39670,１２Ｈ
39671,１２Ｈ
39672,１２Ｈ
39674,１２Ｈ
53963,１２Ｈ
53964,１２Ｈ
53965,１２Ｈ
53966,１２Ｈ
53967,１２Ｈ
54351,１２Ｈ
54352,１２Ｈ
56421,１２Ｈ
56422,１２Ｈ
50742,１２Ｈ
50743,１２Ｈ
50744,１２Ｈ
50745,１２Ｈ
50746,１２Ｈ
50747,１２Ｈ
52837,１２Ｈ
52838,１２Ｈ
53037,１２Ｈ
53038,１２Ｈ
53943,１２Ｈ
53944,１２Ｈ
56355,１２Ｈ
56356,１２Ｈ
56357,１２Ｈ
56358,１２Ｈ
34576,１２Ｈ
59588,１２Ｈ
21923,１２Ｈ
47560,１２Ｈ
47561,１２Ｈ
52033,１２Ｈ
26462,１２Ｈ
58457,１２Ｈ
59157,１２Ｈ
59158,１２Ｈ
57587,１２Ｈ
34191,１２Ｈ
51577,１２Ｈ
51578,休み
55168,２４Ｈ
36493,１２Ｈ
29216,１２Ｈ
29217,１２Ｈ
59384,２４Ｈ
59385,２４Ｈ
59386,２４Ｈ
59387,２４Ｈ
59432,２４Ｈ
55759,１２Ｈ
55760,１２Ｈ
55747,１２Ｈ
30653,１２Ｈ
55650,２４Ｈ
55651,１２Ｈ
55611,２４Ｈ
52320,２４Ｈ
52321,２４Ｈ
52322,１２Ｈ
52323,１２Ｈ
52334,１２Ｈ
52335,１２Ｈ
52292,２４Ｈ
52296,１２Ｈ
26412,１２Ｈ
32385,１２Ｈ
40627,２４Ｈ
40628,１２Ｈ
40629,２４Ｈ
40630,１２Ｈ
26427,１２Ｈ
21530,１２Ｈ
33757,１２Ｈ
56818,２４Ｈ
56819,２４Ｈ
56820,１２Ｈ
56851,２４Ｈ
30862,１２Ｈ
27147,１２Ｈ
27148,休み
28692,１２Ｈ
32991,１２Ｈ
30034,休み
30036,休み
25359,２４Ｈ
40115,２４Ｈ
36812,１２Ｈ
24368,１２Ｈ
24369,１２Ｈ
24371,１２Ｈ
24372,１２Ｈ
24364,１２Ｈ
7631,２４Ｈ
35361,２４Ｈ
47906,２４Ｈ
34649,２４Ｈ
46165,２４Ｈ
45450,２４Ｈ
34641,２４Ｈ
57556,２４Ｈ
52805,２４Ｈ
49755,２４Ｈ
39214,２４Ｈ
49113,２４Ｈ
40464,２４Ｈ
20569,２４Ｈ
20570,２４Ｈ
20571,２４Ｈ
20572,２４Ｈ
22664,２４Ｈ
22665,２４Ｈ
22666,２４Ｈ
17252,２４Ｈ
24511,２４Ｈ
49040,１２Ｈ
48965,１２Ｈ
49053,１２Ｈ
48966,１２Ｈ
49054,１２Ｈ
54298,休み
50696,休み
28908,１２Ｈ
28909,１２Ｈ
28910,１２Ｈ
28911,１２Ｈ
28884,１２Ｈ
36919,２４Ｈ
19606,２４Ｈ
26348,１２Ｈ
31308,１２Ｈ
31309,１２Ｈ
31310,１２Ｈ
31311,１２Ｈ
31312,１２Ｈ
31313,１２Ｈ
31314,１２Ｈ
31315,１２Ｈ
31316,１２Ｈ
31317,１２Ｈ
16313,１２Ｈ
27658,１２Ｈ
51001,２４Ｈ
20436,１２Ｈ
20437,１２Ｈ
20801,１２Ｈ
20802,１２Ｈ
20413,１２Ｈ
33476,１２Ｈ
55236,１２Ｈ
55237,１２Ｈ
21387,１２Ｈ
57581,２４Ｈ
47555,１２Ｈ
49092,１２Ｈ
9205,１２Ｈ
46317,１２Ｈ
54061,１２Ｈ
50903,１２Ｈ
50904,１２Ｈ
52009,１２Ｈ
51602,１２Ｈ
33411,１２Ｈ
55919,休み
55920,１２Ｈ
58977,１２Ｈ
27454,２４Ｈ
27449,２４Ｈ
47969,１２Ｈ
47970,１２Ｈ
48064,１２Ｈ
49202,１２Ｈ
31141,１２Ｈ
58376,１２Ｈ
32289,１２Ｈ
47460,１２Ｈ
17395,休み
17871,休み
56497,１２Ｈ
33871,２４Ｈ
33872,１２Ｈ
33873,休み
33874,２４Ｈ
33875,休み
30215,２４Ｈ
29720,１２Ｈ
52698,１２Ｈ
52699,１２Ｈ
52700,１２Ｈ
52701,１２Ｈ
52702,１２Ｈ
52703,１２Ｈ
52704,２４Ｈ
52705,２４Ｈ
52757,２４Ｈ
54836,１２Ｈ
54837,１２Ｈ
54838,１２Ｈ
54839,１２Ｈ
54840,１２Ｈ
54841,１２Ｈ
54819,１２Ｈ
55050,１２Ｈ
55051,１２Ｈ
55052,１２Ｈ
55026,１２Ｈ
52891,２４Ｈ
52892,２４Ｈ
48270,２４Ｈ
48271,２４Ｈ
48272,２４Ｈ
48248,２４Ｈ
46550,２４Ｈ
46551,２４Ｈ
46552,２４Ｈ
46553,２４Ｈ
46531,２４Ｈ
48621,１２Ｈ
48622,１２Ｈ
48623,１２Ｈ
48624,１２Ｈ
48600,１２Ｈ
20865,２４Ｈ
57225,１２Ｈ
57334,２４Ｈ
52429,１２Ｈ
53938,２４Ｈ
16652,休み
52136,２４Ｈ
52137,２４Ｈ
52142,２４Ｈ
52143,２４Ｈ
11021,２４Ｈ
9247,２４Ｈ
3326,１２Ｈ
13435,２４Ｈ
13436,２４Ｈ
11247,１２Ｈ
16960,２４Ｈ
13000,１２Ｈ
7494,１２Ｈ
10160,１２Ｈ
9285,２４Ｈ
7693,２４Ｈ
13817,１２Ｈ
25658,１２Ｈ
25657,２４Ｈ
31307,１２Ｈ
33331,１２Ｈ
14116,１２Ｈ
17652,１２Ｈ
20256,１２Ｈ
33332,１２Ｈ
53677,１２Ｈ
33330,１２Ｈ
45662,１２Ｈ
45663,１２Ｈ
48433,１２Ｈ
48434,１２Ｈ
34695,１２Ｈ
34696,１２Ｈ
34694,１２Ｈ
33337,１２Ｈ
34485,１２Ｈ
25592,１２Ｈ
34690,１２Ｈ
20387,１２Ｈ
23508,１２Ｈ
25594,１２Ｈ
33336,１２Ｈ
33335,１２Ｈ
35834,１２Ｈ
35912,１２Ｈ
29151,１２Ｈ
29152,１２Ｈ
29153,１２Ｈ
29154,１２Ｈ
29155,１２Ｈ
56625,１２Ｈ
56626,１２Ｈ
56627,１２Ｈ
56628,１２Ｈ
56629,１２Ｈ
54085,１２Ｈ
33754,１２Ｈ
47445,２４Ｈ
47446,１２Ｈ
47447,１２Ｈ
28786,２４Ｈ
56532,１２Ｈ
29583,２４Ｈ
30394,１２Ｈ
39348,２４Ｈ
39349,２４Ｈ
32483,１２Ｈ
51033,２４Ｈ
9824,２４Ｈ
23022,２４Ｈ
23023,２４Ｈ
23030,２４Ｈ
23031,２４Ｈ
23320,２４Ｈ
23321,２４Ｈ
23322,２４Ｈ
23323,２４Ｈ
27287,２４Ｈ
47456,１２Ｈ
16990,１２Ｈ
31912,２４Ｈ
21447,２４Ｈ
34486,１２Ｈ
34487,１２Ｈ
53895,２４Ｈ
5011,１２Ｈ
7182,１２Ｈ
7712,２４Ｈ
12187,２４Ｈ
12188,１２Ｈ
10260,休み
10262,休み
17398,１２Ｈ
55331,２Ｆ
55344,２Ｆ
51364,２Ｆ
51365,２Ｆ
37942,２Ｆ
37943,２Ｆ
48378,２Ｆ
48379,２Ｆ
48380,２Ｆ
48381,２Ｆ
49989,２Ｆ
49990,２Ｆ
49991,２Ｆ
49992,２Ｆ
49993,２Ｆ
49994,２Ｆ
49988,２Ｆ
49987,２Ｆ
57481,２Ｆ
57482,２Ｆ
57483,２Ｆ
57484,２Ｆ
45349,２Ｆ
45380,２Ｆ
45381,２Ｆ
54215,２Ｆ
54216,２Ｆ
54217,２Ｆ
54218,２Ｆ
53610,２Ｆ
53611,２Ｆ
53612,２Ｆ
53613,２Ｆ
53614,２Ｆ
53615,２Ｆ
53616,２Ｆ
53617,２Ｆ
53412,２Ｆ
53413,２Ｆ
53839,１Ｆ
53841,１Ｆ
37566,２Ｆ
37898,２Ｆ
37567,２Ｆ
59117,２Ｆ
59118,２Ｆ
59119,２Ｆ
59120,２Ｆ
50238,２Ｆ
50239,２Ｆ
50240,２Ｆ
50241,２Ｆ
35679,２Ｆ
35893,２Ｆ
35882,２Ｆ
35366,２Ｆ
35909,２Ｆ
35418,２Ｆ
35931,２Ｆ
39870,２Ｆ
35657,２Ｆ
35352,２Ｆ
7855,２Ｆ
7854,２Ｆ
55808,２Ｆ
36429,２Ｆ
36422,２Ｆ
37294,２Ｆ
36391,２Ｆ
36303,２Ｆ
36336,２Ｆ
39896,２Ｆ
36326,２Ｆ
36065,２Ｆ
39882,２Ｆ
50621,１Ｆ
50622,１Ｆ
51989,１Ｆ
35369,１Ｆ
35370,１Ｆ
30128,１Ｆ
30129,１Ｆ
30130,１Ｆ
30131,１Ｆ
35414,１Ｆ
35415,１Ｆ
31272,１Ｆ
31278,１Ｆ
31289,１Ｆ
31290,１Ｆ
31291,１Ｆ
31292,１Ｆ
31293,１Ｆ
31294,１Ｆ
35496,１Ｆ
35497,１Ｆ
35498,１Ｆ
35499,１Ｆ
35500,１Ｆ
35501,１Ｆ
35502,１Ｆ
35503,１Ｆ
38381,１Ｆ
38382,１Ｆ
38383,１Ｆ
38384,１Ｆ
38385,１Ｆ
38386,１Ｆ
38387,１Ｆ
38388,１Ｆ
38389,１Ｆ
38390,１Ｆ
38391,１Ｆ
38392,１Ｆ
38393,１Ｆ
38394,１Ｆ
38395,１Ｆ
38396,１Ｆ
39647,１Ｆ
39649,１Ｆ
54480,１Ｆ
54481,１Ｆ
50808,１Ｆ
50809,１Ｆ
50810,１Ｆ
50811,１Ｆ
52873,１Ｆ
52874,１Ｆ
56419,１Ｆ
56420,１Ｆ
35856,１Ｆ
52055,１Ｆ
36020,１Ｆ
57602,１Ｆ
34190,２Ｆ
51599,１Ｆ
55187,１Ｆ
36448,２Ｆ
36458,２Ｆ
36495,２Ｆ
59440,２Ｆ
59441,２Ｆ
55789,２Ｆ
55790,２Ｆ
55758,２Ｆ
35200,２Ｆ
55648,２Ｆ
55649,２Ｆ
55631,２Ｆ
52400,２Ｆ
52401,２Ｆ
52402,２Ｆ
52403,２Ｆ
52315,２Ｆ
49965,２Ｆ
50980,２Ｆ
50981,２Ｆ
49995,２Ｆ
56861,２Ｆ
56862,２Ｆ
36560,２Ｆ
36583,１Ｆ
36584,１Ｆ
36585,１Ｆ
36586,１Ｆ
49966,２Ｆ
49967,２Ｆ
50627,２Ｆ
49970,２Ｆ
50628,２Ｆ
50350,２Ｆ
50346,２Ｆ
50347,２Ｆ
50348,２Ｆ
50349,２Ｆ
36953,１Ｆ
51009,２Ｆ
39469,２Ｆ
50929,２Ｆ
50919,２Ｆ
50918,２Ｆ
50718,２Ｆ
55963,２Ｆ
55964,２Ｆ
51824,１Ｆ
49214,１Ｆ
49215,１Ｆ
58393,１Ｆ
49947,１Ｆ
51817,１Ｆ
49984,休み
56510,２Ｆ
36364,２Ｆ
36365,２Ｆ
52684,２Ｆ
52685,２Ｆ
52686,２Ｆ
52687,２Ｆ
52688,２Ｆ
52689,２Ｆ
52774,２Ｆ
54892,２Ｆ
54893,２Ｆ
54894,２Ｆ
54895,２Ｆ
54831,２Ｆ
55101,２Ｆ
55102,２Ｆ
55103,２Ｆ
55043,２Ｆ
52911,２Ｆ
52912,２Ｆ
49742,２Ｆ
49743,２Ｆ
49744,２Ｆ
49741,２Ｆ
49957,２Ｆ
49958,２Ｆ
49959,２Ｆ
49960,２Ｆ
49961,２Ｆ
49956,２Ｆ
48625,２Ｆ
48626,２Ｆ
48627,２Ｆ
48628,２Ｆ
49105,２Ｆ
57242,２Ｆ
52446,２Ｆ
38100,２Ｆ
36109,１Ｆ
38099,２Ｆ
36114,２Ｆ
38101,２Ｆ
52166,１Ｆ
52167,１Ｆ
47104,２Ｆ
33311,２Ｆ
37549,２Ｆ
24264,２Ｆ
47086,２Ｆ
46997,２Ｆ
47065,２Ｆ
47025,２Ｆ
56476,２Ｆ
36750,２Ｆ
36846,２Ｆ
36850,２Ｆ
37297,２Ｆ
47099,２Ｆ
47102,２Ｆ
37527,２Ｆ
37535,２Ｆ
38643,２Ｆ
49972,２Ｆ
49974,２Ｆ
49978,２Ｆ
56686,２Ｆ
56691,２Ｆ
56692,２Ｆ
56693,２Ｆ
54100,２Ｆ
49983,休み
49982,休み
56545,２Ｆ
35208,２Ｆ
49964,１Ｆ
51103,２Ｆ
35149,１Ｆ
35150,２Ｆ
35151,２Ｆ
35152,１Ｆ
35153,１Ｆ
35154,１Ｆ
35033,２Ｆ
53898,１Ｆ
55330,３Ｆ
56195,３Ｆ
56196,３Ｆ
56197,３Ｆ
37803,３Ｆ
37961,３Ｆ
51380,３Ｆ
51386,３Ｆ
51387,３Ｆ
51388,３Ｆ
51389,３Ｆ
48395,３Ｆ
48397,３Ｆ
48374,３Ｆ
48375,３Ｆ
48376,３Ｆ
48377,３Ｆ
37955,３Ｆ
37956,３Ｆ
38875,２Ｆ
38876,２Ｆ
38877,２Ｆ
38878,２Ｆ
38879,２Ｆ
38880,２Ｆ
56213,２Ｆ
56214,２Ｆ
56212,２Ｆ
56211,２Ｆ
57541,３Ｆ
57542,３Ｆ
57543,３Ｆ
57544,３Ｆ
57545,３Ｆ
57546,３Ｆ
57547,３Ｆ
57548,３Ｆ
38083,３Ｆ
57099,２Ｆ
57100,２Ｆ
57101,２Ｆ
57102,２Ｆ
57084,２Ｆ
56191,３Ｆ
56192,３Ｆ
56208,２Ｆ
56209,２Ｆ
56210,２Ｆ
38212,２Ｆ
56170,２Ｆ
56171,２Ｆ
56172,２Ｆ
56173,３Ｆ
56174,３Ｆ
56175,３Ｆ
56176,３Ｆ
56190,３Ｆ
56181,３Ｆ
56183,３Ｆ
56187,３Ｆ
56179,３Ｆ
56185,３Ｆ
56186,３Ｆ
56184,３Ｆ
56188,３Ｆ
56189,３Ｆ
56180,３Ｆ
56182,３Ｆ
54191,２Ｆ
54192,２Ｆ
54193,２Ｆ
54194,２Ｆ
53470,２Ｆ
53471,２Ｆ
53472,２Ｆ
53473,２Ｆ
53474,２Ｆ
53475,２Ｆ
53476,２Ｆ
53477,２Ｆ
53478,２Ｆ
53479,２Ｆ
53480,２Ｆ
53481,２Ｆ
56157,２Ｆ
56158,２Ｆ
56159,２Ｆ
56160,２Ｆ
53392,２Ｆ
53393,２Ｆ
56156,２Ｆ
56161,２Ｆ
56162,２Ｆ
56163,２Ｆ
56164,２Ｆ
56165,２Ｆ
56166,２Ｆ
56167,２Ｆ
56168,２Ｆ
53788,１Ｆ
53792,１Ｆ
59153,２Ｆ
59154,２Ｆ
59155,２Ｆ
59156,２Ｆ
50224,３Ｆ
50225,３Ｆ
50226,３Ｆ
50227,３Ｆ
50284,３Ｆ
50285,３Ｆ
50286,３Ｆ
50287,３Ｆ
33815,２Ｆ
32704,２Ｆ
32699,２Ｆ
26382,２Ｆ
12087,２Ｆ
11390,２Ｆ
12086,２Ｆ
11391,２Ｆ
29774,２Ｆ
29090,２Ｆ
29080,２Ｆ
29072,２Ｆ
32664,２Ｆ
25049,休み
7112,２Ｆ
6805,２Ｆ
6804,２Ｆ
7111,２Ｆ
50577,１Ｆ
50578,１Ｆ
29739,１Ｆ
29740,１Ｆ
29741,１Ｆ
29742,１Ｆ
30112,１Ｆ
30114,１Ｆ
30118,１Ｆ
30119,１Ｆ
30120,１Ｆ
30121,１Ｆ
30122,１Ｆ
30123,１Ｆ
30124,１Ｆ
30125,１Ｆ
30126,１Ｆ
31274,１Ｆ
31277,１Ｆ
31281,１Ｆ
31404,１Ｆ
31410,１Ｆ
31411,１Ｆ
31412,１Ｆ
33527,１Ｆ
33528,１Ｆ
33529,１Ｆ
33530,１Ｆ
33531,１Ｆ
33532,１Ｆ
34282,１Ｆ
34283,１Ｆ
34712,１Ｆ
35458,１Ｆ
35462,１Ｆ
35463,１Ｆ
35464,１Ｆ
35469,１Ｆ
35471,１Ｆ
40053,１Ｆ
40064,１Ｆ
53974,１Ｆ
53975,１Ｆ
53976,１Ｆ
53977,１Ｆ
54239,１Ｆ
54240,１Ｆ
52072,１Ｆ
52844,１Ｆ
53947,１Ｆ
53950,１Ｆ
47571,１Ｆ
57345,１Ｆ
47713,１Ｆ
47714,１Ｆ
47715,１Ｆ
47716,１Ｆ
57603,１Ｆ
56277,３Ｆ
56278,３Ｆ
51597,３Ｆ
56261,３Ｆ
55171,３Ｆ
55172,３Ｆ
56267,３Ｆ
56268,３Ｆ
59433,３Ｆ
59442,３Ｆ
59443,３Ｆ
59444,３Ｆ
59445,３Ｆ
55761,１Ｆ
55762,１Ｆ
55750,１Ｆ
56286,３Ｆ
56287,３Ｆ
55654,１Ｆ
55655,１Ｆ
55614,１Ｆ
52362,３Ｆ
52363,３Ｆ
52996,３Ｆ
52997,３Ｆ
52998,３Ｆ
52999,３Ｆ
52304,３Ｆ
52995,３Ｆ
56262,３Ｆ
56265,３Ｆ
56266,３Ｆ
45123,３Ｆ
45124,３Ｆ
56255,３Ｆ
56256,３Ｆ
56257,３Ｆ
56258,３Ｆ
56259,３Ｆ
56260,３Ｆ
56263,３Ｆ
56279,３Ｆ
56282,３Ｆ
56863,３Ｆ
56864,３Ｆ
56865,３Ｆ
56866,３Ｆ
56867,３Ｆ
56283,３Ｆ
56284,３Ｆ
56293,３Ｆ
56292,３Ｆ
31890,１Ｆ
56253,１Ｆ
56254,１Ｆ
32059,１Ｆ
32994,１Ｆ
39556,１Ｆ
56150,３Ｆ
56151,３Ｆ
56152,３Ｆ
56153,３Ｆ
56154,３Ｆ
56155,３Ｆ
34973,１Ｆ
56221,１Ｆ
56222,１Ｆ
56223,１Ｆ
56224,１Ｆ
56220,１Ｆ
40105,１Ｆ
51614,１Ｆ
56298,１Ｆ
50629,１Ｆ
56300,１Ｆ
50630,１Ｆ
56299,１Ｆ
50697,１Ｆ
28916,１Ｆ
28917,１Ｆ
28918,１Ｆ
30948,１Ｆ
28886,１Ｆ
56225,１Ｆ
56226,１Ｆ
56227,１Ｆ
56228,１Ｆ
56229,１Ｆ
30404,２Ｆ
51004,２Ｆ
56147,２Ｆ
33480,２Ｆ
46318,２Ｆ
46930,２Ｆ
50907,２Ｆ
39446,２Ｆ
39447,２Ｆ
58985,１Ｆ
58394,１Ｆ
56511,２Ｆ
29721,２Ｆ
30216,２Ｆ
52706,２Ｆ
52707,２Ｆ
52708,２Ｆ
52709,２Ｆ
52710,２Ｆ
52711,２Ｆ
52712,２Ｆ
52713,２Ｆ
52760,２Ｆ
54852,２Ｆ
54853,２Ｆ
54854,２Ｆ
54855,２Ｆ
54822,２Ｆ
55200,２Ｆ
55201,２Ｆ
55202,２Ｆ
55029,２Ｆ
39533,１Ｆ
52895,２Ｆ
52896,２Ｆ
48303,３Ｆ
48304,３Ｆ
48305,３Ｆ
48306,３Ｆ
48307,３Ｆ
48308,３Ｆ
56289,３Ｆ
56290,３Ｆ
56291,３Ｆ
48251,３Ｆ
48252,３Ｆ
56288,３Ｆ
46564,２Ｆ
46565,２Ｆ
46566,２Ｆ
46567,２Ｆ
46568,２Ｆ
46569,２Ｆ
56296,２Ｆ
56297,２Ｆ
56294,２Ｆ
56295,２Ｆ
56216,２Ｆ
56217,２Ｆ
56218,２Ｆ
56219,２Ｆ
56215,２Ｆ
57243,３Ｆ
57244,２Ｆ
52432,１Ｆ
53940,３Ｆ
56305,３Ｆ
56306,３Ｆ
56307,３Ｆ
56236,２Ｆ
56231,３Ｆ
56233,１Ｆ
56232,１Ｆ
56234,１Ｆ
56235,１Ｆ
56301,３Ｆ
56302,休み
19723,２Ｆ
34258,２Ｆ
56131,２Ｆ
45665,２Ｆ
34688,２Ｆ
56148,２Ｆ
56149,２Ｆ
29156,２Ｆ
29157,２Ｆ
29158,２Ｆ
56662,２Ｆ
56663,２Ｆ
56664,２Ｆ
54088,２Ｆ
21388,２Ｆ
21389,２Ｆ
21970,休み
49854,２Ｆ
56546,２Ｆ
40684,２Ｆ
56264,３Ｆ
56273,３Ｆ
56274,３Ｆ
53073,１Ｆ
31305,１Ｆ
29566,２Ｆ
32548,２Ｆ
56246,３Ｆ
56247,２Ｆ
32219,１Ｆ
21445,１Ｆ
37613,２Ｆ
57312,１Ｆ
56239,休み
56240,３Ｆ
56241,３Ｆ
56242,２Ｆ
56243,１Ｆ
56244,１Ｆ
56245,１Ｆ
55326,１２Ｈ
31798,１２Ｈ
31799,１２Ｈ
31800,１２Ｈ
51320,１２Ｈ
51321,１２Ｈ
48354,１２Ｈ
48355,１２Ｈ
48356,１２Ｈ
48357,１２Ｈ
38857,１２Ｈ
38858,１２Ｈ
38859,１２Ｈ
38860,１２Ｈ
39578,１２Ｈ
39579,１２Ｈ
46636,１２Ｈ
38699,１２Ｈ
57485,１２Ｈ
57486,１２Ｈ
57487,１２Ｈ
57488,１２Ｈ
57505,１２Ｈ
57506,１２Ｈ
57507,１２Ｈ
57508,１２Ｈ
57085,１２Ｈ
57086,１２Ｈ
57079,２４Ｈ
21858,１２Ｈ
22004,１２Ｈ
27800,１２Ｈ
27801,１２Ｈ
27802,１２Ｈ
27803,１２Ｈ
27381,１２Ｈ
54175,２４Ｈ
54176,２４Ｈ
54177,２４Ｈ
54178,２４Ｈ
57338,２４Ｈ
57339,２４Ｈ
57340,２４Ｈ
57341,２４Ｈ
57285,１２Ｈ
57290,１２Ｈ
57291,１２Ｈ
57292,１２Ｈ
53414,２４Ｈ
53415,２４Ｈ
53416,２４Ｈ
53417,２４Ｈ
53418,２４Ｈ
53419,２４Ｈ
53420,２４Ｈ
53421,２４Ｈ
53422,２４Ｈ
53423,２４Ｈ
53424,２４Ｈ
53425,２４Ｈ
53426,２４Ｈ
53427,２４Ｈ
53428,２４Ｈ
53429,２４Ｈ
53384,２４Ｈ
53385,２４Ｈ
34033,２４Ｈ
53772,１２Ｈ
53773,１２Ｈ
53774,１２Ｈ
53775,１２Ｈ
53863,１２Ｈ
21195,１２Ｈ
21198,１２Ｈ
21084,１２Ｈ
21085,１２Ｈ
21594,１２Ｈ
35381,１２Ｈ
28131,１２Ｈ
28132,１２Ｈ
28133,１２Ｈ
28290,２４Ｈ
59121,１２Ｈ
59122,１２Ｈ
59123,１２Ｈ
59124,１２Ｈ
20218,休み
50196,２４Ｈ
50197,１２Ｈ
50198,１２Ｈ
50199,１２Ｈ
50200,２４Ｈ
50201,１２Ｈ
50202,１２Ｈ
50203,１２Ｈ
50204,１２Ｈ
50205,１２Ｈ
50229,２４Ｈ
50230,２４Ｈ
26381,１２Ｈ
16696,１２Ｈ
21468,１２Ｈ
16697,１２Ｈ
17439,１２Ｈ
21467,１２Ｈ
17440,１２Ｈ
17441,１２Ｈ
21466,１２Ｈ
17438,１２Ｈ
21469,１２Ｈ
7031,１２Ｈ
7030,１２Ｈ
22710,１２Ｈ
22713,１２Ｈ
11389,１２Ｈ
11388,１２Ｈ
7275,１２Ｈ
9210,１２Ｈ
7595,１２Ｈ
6782,１２Ｈ
7274,１２Ｈ
7278,１２Ｈ
7273,１２Ｈ
7085,１２Ｈ
7084,１２Ｈ
7279,１２Ｈ
7272,１２Ｈ
6784,１２Ｈ
7596,１２Ｈ
9209,１２Ｈ
7078,１２Ｈ
7079,１２Ｈ
18265,１２Ｈ
33811,１２Ｈ
22756,１２Ｈ
23574,１２Ｈ
18264,１２Ｈ
23573,１２Ｈ
23575,１２Ｈ
23576,１２Ｈ
6807,１２Ｈ
7286,１２Ｈ
7287,１２Ｈ
7285,１２Ｈ
7284,１２Ｈ
6806,１２Ｈ
34296,１２Ｈ
34284,１２Ｈ
19818,１２Ｈ
20637,１２Ｈ
19814,１２Ｈ
20636,１２Ｈ
50572,１２Ｈ
51970,１２Ｈ
51971,１２Ｈ
51972,１２Ｈ
34382,１２Ｈ
30113,１２Ｈ
31392,１２Ｈ
31393,１２Ｈ
31394,１２Ｈ
31395,１２Ｈ
31396,１２Ｈ
31397,１２Ｈ
31406,１２Ｈ
33509,１２Ｈ
33510,１２Ｈ
33511,１２Ｈ
33512,１２Ｈ
52835,１２Ｈ
52836,１２Ｈ
47559,１２Ｈ
26676,１２Ｈ
17794,１２Ｈ
47718,１２Ｈ
34383,１２Ｈ
57598,１２Ｈ
34186,１２Ｈ
34187,１２Ｈ
51576,１２Ｈ
55167,１２Ｈ
55179,１２Ｈ
31009,１２Ｈ
31018,１２Ｈ
30790,１２Ｈ
29212,１２Ｈ
29225,１２Ｈ
59380,２４Ｈ
59381,２４Ｈ
59382,２４Ｈ
59383,２４Ｈ
55777,１２Ｈ
55778,１２Ｈ
55746,２４Ｈ
30652,１２Ｈ
55632,１２Ｈ
55633,１２Ｈ
55610,２４Ｈ
52316,２４Ｈ
52317,１２Ｈ
52318,１２Ｈ
52319,１２Ｈ
52338,１２Ｈ
52339,１２Ｈ
53926,２４Ｈ
53927,１２Ｈ
52291,２４Ｈ
53923,２４Ｈ
32383,１２Ｈ
40623,１２Ｈ
40624,１２Ｈ
40625,１２Ｈ
40626,１２Ｈ
18937,１２Ｈ
21529,１２Ｈ
56816,２４Ｈ
56817,１２Ｈ
30861,１２Ｈ
32990,１２Ｈ
21674,２４Ｈ
22674,２４Ｈ
22366,１２Ｈ
22367,１２Ｈ
24433,１２Ｈ
24434,１２Ｈ
24435,１２Ｈ
24436,１２Ｈ
26509,１２Ｈ
26510,１２Ｈ
21800,１２Ｈ
24432,１２Ｈ
35025,２４Ｈ
52808,２４Ｈ
35042,２４Ｈ
47497,２４Ｈ
39221,２４Ｈ
17251,２４Ｈ
24510,２４Ｈ
49039,１２Ｈ
49051,１２Ｈ
50625,１２Ｈ
49052,１２Ｈ
50626,１２Ｈ
50703,１２Ｈ
50705,休み
29273,１２Ｈ
29274,１２Ｈ
30944,１２Ｈ
30947,１２Ｈ
29262,１２Ｈ
51000,１２Ｈ
20432,１２Ｈ
20434,１２Ｈ
20797,１２Ｈ
20798,１２Ｈ
20412,１２Ｈ
33475,１２Ｈ
39468,１２Ｈ
50902,１２Ｈ
55917,１２Ｈ
55918,１２Ｈ
48062,１２Ｈ
48063,１２Ｈ
49938,１２Ｈ
50352,１２Ｈ
7363,休み
7364,休み
56496,１２Ｈ
23134,１２Ｈ
34488,１２Ｈ
34705,休み
52690,１２Ｈ
52691,１２Ｈ
52692,１２Ｈ
52693,１２Ｈ
52694,１２Ｈ
52695,１２Ｈ
52696,１２Ｈ
52697,１２Ｈ
52756,１２Ｈ
54832,１２Ｈ
54833,１２Ｈ
54834,１２Ｈ
54835,１２Ｈ
54818,１２Ｈ
55044,１２Ｈ
55045,１２Ｈ
55046,１２Ｈ
55059,１２Ｈ
55060,１２Ｈ
55061,１２Ｈ
55024,１２Ｈ
55215,１２Ｈ
52907,１２Ｈ
52908,１２Ｈ
48267,１２Ｈ
48268,１２Ｈ
48269,１２Ｈ
48247,１２Ｈ
46546,２４Ｈ
46547,２４Ｈ
46548,２４Ｈ
46549,２４Ｈ
46530,２４Ｈ
48615,１２Ｈ
48616,１２Ｈ
48617,１２Ｈ
48618,１２Ｈ
48619,１２Ｈ
48620,１２Ｈ
48599,１２Ｈ
7223,１２Ｈ
57224,１２Ｈ
57333,２４Ｈ
52428,２４Ｈ
52134,２４Ｈ
52135,２４Ｈ
20578,休み
7227,１２Ｈ
15391,１２Ｈ
17504,２４Ｈ
13617,１２Ｈ
9286,２４Ｈ
24807,１２Ｈ
25653,１２Ｈ
25654,２４Ｈ
25655,１２Ｈ
25661,２４Ｈ
24806,２４Ｈ
25656,２４Ｈ
15179,１２Ｈ
49848,１２Ｈ
20836,１２Ｈ
47548,１２Ｈ
48432,１２Ｈ
25591,１２Ｈ
31179,１２Ｈ
37513,１２Ｈ
37516,１２Ｈ
37531,２４Ｈ
37532,１２Ｈ
14739,１２Ｈ
14994,１２Ｈ
15183,１２Ｈ
25355,１２Ｈ
34490,１２Ｈ
34491,１２Ｈ
40138,１２Ｈ
40139,１２Ｈ
40140,１２Ｈ
49840,１２Ｈ
49843,１２Ｈ
49844,１２Ｈ
56677,１２Ｈ
56678,１２Ｈ
56679,１２Ｈ
56688,１２Ｈ
54084,１２Ｈ
49849,１２Ｈ
49852,１２Ｈ
56531,１２Ｈ
29582,２４Ｈ
33095,１２Ｈ
39343,１２Ｈ
39345,１２Ｈ
48102,２４Ｈ
51097,２４Ｈ
31911,２４Ｈ
35314,２４Ｈ
53896,２４Ｈ
22639,１２Ｈ
7392,休み
7394,休み
8541,２４Ｈ
35110,２４Ｈ
10742,２４Ｈ
10743,１２Ｈ
7393,休み
31118,１２Ｈ
30565,１２Ｈ
55328,１２Ｈ
31796,１２Ｈ
31797,１２Ｈ
51336,１２Ｈ
51341,１２Ｈ
23831,１２Ｈ
23832,１２Ｈ
23830,１２Ｈ
23841,１２Ｈ
48363,１２Ｈ
48365,１２Ｈ
48366,１２Ｈ
48367,１２Ｈ
19438,１２Ｈ
38867,１２Ｈ
38868,１２Ｈ
38869,１２Ｈ
38870,１２Ｈ
39584,１２Ｈ
39585,１２Ｈ
39586,１２Ｈ
39587,１２Ｈ
46638,１２Ｈ
38702,１２Ｈ
10372,休み
10373,休み
10374,休み
10375,休み
57493,１２Ｈ
57494,１２Ｈ
57495,１２Ｈ
57496,１２Ｈ
21861,１２Ｈ
22007,１２Ｈ
45326,１２Ｈ
45327,１２Ｈ
45328,１２Ｈ
27812,１２Ｈ
27813,１２Ｈ
27814,１２Ｈ
27815,１２Ｈ
7323,１２Ｈ
27384,１２Ｈ
22785,１２Ｈ
22784,１２Ｈ
22783,休み
54183,１２Ｈ
54184,１２Ｈ
54185,１２Ｈ
54186,１２Ｈ
58225,１２Ｈ
58226,１２Ｈ
17847,１２Ｈ
17206,１２Ｈ
17208,１２Ｈ
17212,１２Ｈ
22787,１２Ｈ
22788,１２Ｈ
53442,１２Ｈ
53443,１２Ｈ
53444,１２Ｈ
53445,１２Ｈ
53446,１２Ｈ
53447,１２Ｈ
53448,１２Ｈ
53449,１２Ｈ
53450,１２Ｈ
53451,１２Ｈ
53452,１２Ｈ
53453,１２Ｈ
53454,１２Ｈ
53455,１２Ｈ
53456,１２Ｈ
53457,１２Ｈ
53388,１２Ｈ
53389,１２Ｈ
53784,１２Ｈ
53785,１２Ｈ
53786,１２Ｈ
53787,１２Ｈ
53868,１２Ｈ
35382,１２Ｈ
28134,１２Ｈ
28143,１２Ｈ
28144,１２Ｈ
28145,１２Ｈ
28146,１２Ｈ
28109,１２Ｈ
59129,１２Ｈ
59130,１２Ｈ
59131,１２Ｈ
59132,１２Ｈ
20568,１２Ｈ
50216,１２Ｈ
50217,１２Ｈ
50218,１２Ｈ
50219,１２Ｈ
50220,１２Ｈ
50221,１２Ｈ
50222,１２Ｈ
50223,１２Ｈ
20523,１２Ｈ
20524,１２Ｈ
20525,１２Ｈ
20526,１２Ｈ
20527,１２Ｈ
20528,１２Ｈ
20529,１２Ｈ
21513,１２Ｈ
29432,１２Ｈ
26570,１２Ｈ
26384,１２Ｈ
17716,１２Ｈ
16701,１２Ｈ
17715,１２Ｈ
17445,１２Ｈ
17991,１２Ｈ
17444,１２Ｈ
17990,１２Ｈ
16700,１２Ｈ
7858,１２Ｈ
7863,１２Ｈ
7862,１２Ｈ
10956,１２Ｈ
10955,１２Ｈ
7859,１２Ｈ
16898,１２Ｈ
16899,１２Ｈ
7065,１２Ｈ
7865,１２Ｈ
7050,１２Ｈ
7868,１２Ｈ
7063,１２Ｈ
7070,１２Ｈ
7053,１２Ｈ
7082,１２Ｈ
7864,１２Ｈ
7088,１２Ｈ
7061,１２Ｈ
7071,１２Ｈ
7062,１２Ｈ
7601,１２Ｈ
7060,１２Ｈ
7867,１２Ｈ
7064,１２Ｈ
7602,１２Ｈ
7068,１２Ｈ
7069,１２Ｈ
7869,１２Ｈ
7083,１２Ｈ
7866,１２Ｈ
23556,１２Ｈ
29772,１２Ｈ
29773,１２Ｈ
29075,１２Ｈ
29077,１２Ｈ
29078,１２Ｈ
29079,１２Ｈ
33813,１２Ｈ
27889,１２Ｈ
25758,１２Ｈ
25759,１２Ｈ
16349,１２Ｈ
16343,１２Ｈ
16348,１２Ｈ
16342,１２Ｈ
16918,１２Ｈ
16919,１２Ｈ
5480,１２Ｈ
5481,１２Ｈ
7096,１２Ｈ
18270,１２Ｈ
18271,１２Ｈ
23555,１２Ｈ
7106,１２Ｈ
7105,１２Ｈ
8039,１２Ｈ
7103,１２Ｈ
7114,１２Ｈ
8040,１２Ｈ
7113,１２Ｈ
7108,１２Ｈ
7387,１２Ｈ
7107,１２Ｈ
7097,１２Ｈ
7305,１２Ｈ
7101,１２Ｈ
7102,１２Ｈ
7104,１２Ｈ
7098,１２Ｈ
29771,１２Ｈ
20641,１２Ｈ
19819,１２Ｈ
20640,１２Ｈ
19762,１２Ｈ
19815,１２Ｈ
19766,１２Ｈ
50575,１２Ｈ
50576,１２Ｈ
50610,１２Ｈ
50611,１２Ｈ
51975,１２Ｈ
22535,１２Ｈ
32236,１２Ｈ
29743,１２Ｈ
29744,１２Ｈ
29745,１２Ｈ
29746,１２Ｈ
29747,１２Ｈ
29748,１２Ｈ
29749,１２Ｈ
29750,１２Ｈ
30115,１２Ｈ
30116,１２Ｈ
30117,１２Ｈ
31283,１２Ｈ
31284,１２Ｈ
31285,１２Ｈ
31286,１２Ｈ
31287,１２Ｈ
31288,１２Ｈ
31415,１２Ｈ
31416,１２Ｈ
31417,１２Ｈ
31418,１２Ｈ
31419,１２Ｈ
31420,１２Ｈ
31421,１２Ｈ
31446,１２Ｈ
31447,１２Ｈ
33525,１２Ｈ
33526,１２Ｈ
39650,１２Ｈ
39652,１２Ｈ
39653,１２Ｈ
39654,１２Ｈ
39655,１２Ｈ
39656,１２Ｈ
39657,１２Ｈ
39658,１２Ｈ
39659,１２Ｈ
39660,１２Ｈ
53968,１２Ｈ
53969,１２Ｈ
53970,１２Ｈ
53971,１２Ｈ
53972,１２Ｈ
53973,１２Ｈ
56423,１２Ｈ
56424,１２Ｈ
50748,１２Ｈ
50749,１２Ｈ
50750,１２Ｈ
52839,１２Ｈ
52840,１２Ｈ
56359,１２Ｈ
56360,１２Ｈ
56361,１２Ｈ
56362,１２Ｈ
12740,１２Ｈ
12257,１２Ｈ
59589,１２Ｈ
11510,１２Ｈ
22571,１２Ｈ
47562,１２Ｈ
52034,１２Ｈ
17889,１２Ｈ
17807,１２Ｈ
26320,１２Ｈ
26321,１２Ｈ
23410,１２Ｈ
26625,１２Ｈ
26631,１２Ｈ
26632,１２Ｈ
13362,１２Ｈ
57588,１２Ｈ
34194,１２Ｈ
34195,１２Ｈ
51579,１２Ｈ
51590,１２Ｈ
55169,１２Ｈ
26748,１２Ｈ
59388,１２Ｈ
59389,１２Ｈ
59390,１２Ｈ
59391,１２Ｈ
55779,１２Ｈ
55780,１２Ｈ
55748,１２Ｈ
30654,１２Ｈ
31201,１２Ｈ
55634,１２Ｈ
55635,１２Ｈ
55612,１２Ｈ
52324,１２Ｈ
52325,１２Ｈ
52326,１２Ｈ
52327,１２Ｈ
53928,１２Ｈ
53929,１２Ｈ
53930,１２Ｈ
53931,１２Ｈ
52293,１２Ｈ
53924,１２Ｈ
26415,１２Ｈ
32391,１２Ｈ
32392,１２Ｈ
40631,１２Ｈ
40632,１２Ｈ
45647,１２Ｈ
45648,１２Ｈ
26430,１２Ｈ
14474,１２Ｈ
36532,１２Ｈ
56821,１２Ｈ
56822,１２Ｈ
30864,１２Ｈ
27152,１２Ｈ
28693,１２Ｈ
28695,１２Ｈ
32993,１２Ｈ
58204,１２Ｈ
58205,１２Ｈ
30040,１２Ｈ
30041,１２Ｈ
26604,１２Ｈ
20295,休み
20296,１２Ｈ
20297,休み
20298,１２Ｈ
24366,１２Ｈ
24367,１２Ｈ
26511,１２Ｈ
26512,１２Ｈ
20382,１２Ｈ
47904,１２Ｈ
57346,１２Ｈ
57347,１２Ｈ
57348,１２Ｈ
57349,１２Ｈ
14393,１２Ｈ
17254,１２Ｈ
49041,１２Ｈ
48961,１２Ｈ
49056,１２Ｈ
48993,１２Ｈ
49057,１２Ｈ
28912,１２Ｈ
28913,１２Ｈ
28914,１２Ｈ
28915,１２Ｈ
28885,１２Ｈ
36920,１２Ｈ
26457,１２Ｈ
51002,１２Ｈ
20444,１２Ｈ
20446,１２Ｈ
20415,１２Ｈ
33478,１２Ｈ
39470,１２Ｈ
7089,１２Ｈ
50922,１２Ｈ
56100,１２Ｈ
50905,１２Ｈ
51603,１２Ｈ
55921,１２Ｈ
55922,１２Ｈ
58978,１２Ｈ
58979,１２Ｈ
47971,１２Ｈ
47972,１２Ｈ
31144,１２Ｈ
58377,１２Ｈ
32291,１２Ｈ
13301,１２Ｈ
13302,１２Ｈ
56498,１２Ｈ
36349,休み
21431,１２Ｈ
52630,１２Ｈ
52631,１２Ｈ
52632,１２Ｈ
52633,１２Ｈ
52634,１２Ｈ
52635,１２Ｈ
52636,１２Ｈ
52637,１２Ｈ
52758,１２Ｈ
54842,１２Ｈ
54843,１２Ｈ
54844,１２Ｈ
54845,１２Ｈ
54846,１２Ｈ
54847,１２Ｈ
54820,１２Ｈ
55053,１２Ｈ
55054,１２Ｈ
55055,１２Ｈ
55203,１２Ｈ
55204,１２Ｈ
55205,１２Ｈ
55027,１２Ｈ
55216,１２Ｈ
39531,１２Ｈ
48273,１２Ｈ
48274,１２Ｈ
48275,１２Ｈ
48249,１２Ｈ
46554,１２Ｈ
46555,１２Ｈ
46556,１２Ｈ
46557,１２Ｈ
46558,１２Ｈ
46559,１２Ｈ
46532,１２Ｈ
48629,１２Ｈ
48630,１２Ｈ
48631,１２Ｈ
48632,１２Ｈ
48601,１２Ｈ
57226,１２Ｈ
59209,１２Ｈ
52430,１２Ｈ
53939,１２Ｈ
52138,１２Ｈ
52139,１２Ｈ
15732,１２Ｈ
6962,休み
6961,休み
13439,１２Ｈ
19439,１２Ｈ
13002,１２Ｈ
13620,１２Ｈ
9288,１２Ｈ
13818,１２Ｈ
18852,１２Ｈ
38659,１２Ｈ
38660,１２Ｈ
24263,１２Ｈ
12655,１２Ｈ
38658,１２Ｈ
17555,１２Ｈ
56466,１２Ｈ
27441,１２Ｈ
23072,１２Ｈ
23955,１２Ｈ
23963,１２Ｈ
21384,１２Ｈ
45664,１２Ｈ
48435,１２Ｈ
19938,１２Ｈ
38653,１２Ｈ
25991,１２Ｈ
18853,１２Ｈ
18854,１２Ｈ
18855,１２Ｈ
18856,１２Ｈ
18857,１２Ｈ
18858,１２Ｈ
18859,１２Ｈ
18860,１２Ｈ
18861,１２Ｈ
18862,１２Ｈ
29113,１２Ｈ
29114,１２Ｈ
29115,１２Ｈ
29334,１２Ｈ
29335,１２Ｈ
29337,１２Ｈ
29338,１２Ｈ
56630,１２Ｈ
56631,１２Ｈ
56632,１２Ｈ
56633,１２Ｈ
54086,１２Ｈ
21460,１２Ｈ
19933,１２Ｈ
47448,休み
28788,休み
56533,１２Ｈ
29585,１２Ｈ
32485,１２Ｈ
31304,１２Ｈ
11763,１２Ｈ
31914,１２Ｈ
53897,１２Ｈ
10748,１２Ｈ
10749,１２Ｈ
10750,１２Ｈ
10751,１２Ｈ
35108,１２Ｈ
